"Player";"Short Name";"Player ID";"Birthdate";"Team";"Team ID";"Minutes";"Count Performances (Physical Check passed)";"Count Performances (Physical Check failed)";"PSV-99";"TOP 5 PSV-99";"TOP 3 Time to HSR";"TOP 3 Time to HSR post-COD";"TOP 3 Time to Sprint";"TOP 3 Time to Sprint post-COD";"TOP 3 Time to 505 around 90";"TOP 3 Time to 505 around 180";"Distance P90";"M/min P90";"Running Distance P90";"HSR Distance P90";"HSR Count P90";"Sprint Distance P90";"Sprint Count P90";"HI Distance P90";"HI Count P90";"Medium Acceleration Count P90";"High Acceleration Count P90";"Medium Deceleration Count P90";"High Deceleration Count P90";"Explosive Acceleration to HSR Count P90";"Explosive Acceleration to Sprint Count P90";"Change of Direction Count P90"
"Vilde Bøe Risa";"V. Bøe Risa";"22356";"1995-07-13";"Atlético Madrid, Women";"2000";"87.82";"17";"0";"24.11";"25.7";"0.87";"null";"null";"null";"2.15";"2.93";"9801.59";"108.91";"1293.45";"243.62";"19.35";"21.7";"1.02";"265.32";"20.38";"102.43";"1.63";"89.41";"3.44";"0.48";"0.0";"15.37"
"Caroline Graham Graham Hansen";"C. Graham Hansen";"22358";"1995-02-18";"FC Barcelona, Women";"1995";"79.57";"13";"0";"27.78";"28.54";"0.76";"0.85";"1.68";"null";"2.18";"2.77";"9196.3";"102.18";"1150.42";"451.19";"44.72";"125.89";"7.83";"577.08";"52.55";"95.53";"4.35";"80.13";"9.57";"2.7";"0.7";"28.97"
"Emilie Nautnes";"E. Nautnes";"22370";"1999-01-13";"Madrid CF, Women";"2011";"84.0";"18";"0";"27.81";"29.56";"0.79";"0.87";"1.75";"null";"2.06";"2.92";"8736.51";"97.07";"1099.27";"488.63";"45.18";"137.62";"7.68";"626.24";"52.86";"91.9";"5.3";"81.61";"9.46";"3.21";"0.71";"22.68"
"Sara Däbritz";"S. Däbritz";"22430";"1995-02-15";"Real Madrid, Women";"2016";"85.39";"16";"0";"24.88";"25.72";"0.81";"0.88";"null";"null";"2.08";"2.97";"10343.12";"114.92";"1511.94";"353.0";"29.84";"25.95";"1.78";"378.96";"31.62";"96.63";"1.84";"89.32";"6.52";"0.59";"0.07";"19.89"
"Irene  Paredes Hernandez";"Irene Paredes";"22444";"1991-07-04";"FC Barcelona, Women";"1995";"84.03";"18";"0";"26.99";"28.16";"0.82";"0.97";"1.93";"2.03";"2.09";"3.03";"9094.75";"101.05";"1098.17";"412.97";"32.61";"64.74";"4.52";"477.71";"37.13";"91.94";"2.8";"80.21";"5.24";"1.37";"0.71";"17.49"
"Marta Torrejón Moya";"Marta Torrejon";"22448";"1990-02-27";"FC Barcelona, Women";"1995";"98.86";"13";"0";"25.65";"26.74";"0.87";"null";"null";"null";"2.65";"3.08";"8593.06";"95.48";"885.63";"307.23";"23.67";"41.53";"2.94";"348.76";"26.61";"89.57";"2.31";"74.72";"4.76";"0.84";"0.0";"10.86"
"Alexia Putellas Segura";"Alexia Putellas";"22451";"1994-02-04";"FC Barcelona, Women";"1995";"82.63";"15";"0";"23.67";"25.0";"1.11";"null";"null";"null";"2.11";"3.16";"9620.63";"106.9";"1261.5";"237.46";"20.62";"11.91";"0.94";"249.37";"21.57";"108.05";"2.47";"94.91";"4.87";"0.29";"0.0";"17.21"
"Patricia Guijarro Gutiérrez";"Patri Guijarro";"22452";"1998-05-17";"FC Barcelona, Women";"1995";"83.27";"8";"0";"26.48";"27.78";"0.81";"null";"null";"null";"2.42";"3.05";"10152.58";"112.81";"1149.2";"268.45";"26.35";"51.61";"2.84";"320.06";"29.18";"95.38";"3.51";"83.36";"4.46";"1.08";"0.14";"21.89"
"María Pilar León Cebrián";"María León";"22456";"1995-06-13";"FC Barcelona, Women";"1995";"75.7";"11";"0";"26.88";"27.98";"0.82";"null";"null";"null";"2.35";"3.23";"8929.71";"99.22";"918.99";"312.02";"26.26";"63.55";"3.35";"375.57";"29.61";"91.97";"3.35";"79.33";"5.08";"1.73";"0.43";"13.73"
"Aitana Bonmati Conca";"Aitana Bonmati";"22458";"1998-01-18";"FC Barcelona, Women";"1995";"92.45";"7";"0";"26.14";"26.6";"0.8";"0.83";"null";"null";"2.35";"2.99";"9207.73";"102.31";"1045.15";"307.08";"28.65";"49.79";"3.06";"356.87";"31.71";"101.8";"2.78";"87.06";"7.79";"1.39";"0.14";"21.97"
"Monica Hickmann Alves";"Mônica";"22553";"1987-04-21";"Madrid CF, Women";"2011";"88.49";"21";"0";"25.94";"27.58";"0.82";"0.85";"1.96";"null";"2.2";"2.85";"9029.03";"100.32";"985.93";"285.85";"24.22";"46.98";"3.05";"332.83";"27.27";"94.39";"1.94";"79.57";"4.12";"0.82";"0.34";"15.35"
"Caroline Weir";"C. Weir";"22633";"1995-06-20";"Real Madrid, Women";"2016";"74.93";"17";"0";"24.96";"26.06";"0.74";"0.89";"null";"null";"2.05";"2.87";"9864.77";"109.61";"1471.35";"358.14";"31.16";"34.27";"2.54";"392.41";"33.7";"109.23";"2.05";"94.46";"8.05";"1.06";"0.0";"26.07"
"Estefanía Romina Banini Ruiz";"E. Banini";"22657";"1990-06-21";"FC Levante Las Planas Badalona";"4040";"80.43";"18";"0";"24.92";"26.64";"0.87";"null";"null";"null";"1.97";"2.96";"9731.41";"108.13";"1373.5";"373.04";"31.83";"35.37";"2.24";"408.41";"34.07";"101.95";"2.49";"83.55";"7.89";"0.44";"0.0";"24.99"
"Ingrid Filippa Angeldahl";"F. Angeldahl";"42753";"1997-07-14";"Real Madrid, Women";"2016";"86.59";"18";"0";"25.78";"26.9";"0.92";"null";"null";"null";"2.02";"2.9";"10214.82";"113.5";"1391.34";"362.52";"29.22";"37.71";"2.48";"400.22";"31.7";"103.54";"1.67";"90.6";"5.54";"0.4";"0.0";"22.06"
"Francisca Ramos Ribeiro Nazareth Sousa";"Kika Nazareth";"52569";"2002-11-17";"FC Barcelona, Women";"1995";"78.67";"12";"0";"24.98";"26.32";"1.17";"null";"null";"null";"2.08";"3.2";"10001.93";"111.13";"1415.76";"391.26";"31.46";"30.32";"2.38";"421.58";"33.84";"109.92";"2.67";"96.67";"6.01";"0.57";"0.0";"25.07"
"Dolores Isabel Jacome Silva";"Dolores Silva";"52573";"1991-08-07";"Levante UD, Women";"2003";"90.95";"13";"0";"23.77";"24.78";"1.3";"null";"null";"null";"2.07";"2.82";"9820.31";"109.11";"1531.11";"353.97";"25.81";"21.09";"1.37";"375.05";"27.18";"103.98";"1.75";"93.93";"6.62";"0.53";"0.0";"20.93"
"Andreia de Jesus Jacinto";"Andreia Jacinto";"52591";"2002-06-08";"Real Sociedad, Women";"2001";"89.95";"15";"0";"25.53";"26.5";"0.69";"0.89";"null";"null";"2.03";"2.99";"10478.95";"116.43";"1459.71";"353.81";"30.75";"41.76";"2.73";"395.56";"33.49";"98.46";"2.07";"88.92";"5.34";"1.53";"0.27";"21.55"
"Freja Olofsson";"F. Olofsson";"57123";"1998-05-24";"Madrid CF, Women";"2011";"56.95";"4";"0";"26.0";"26.0";"0.93";"null";"null";"null";"null";"null";"9145.0";"101.61";"1119.67";"402.59";"33.58";"63.21";"3.56";"465.8";"37.14";"94.03";"4.74";"82.18";"10.67";"3.56";"0.0";"17.78"
"Hanna Ulrika Bennison";"H. Bennison";"59377";"2002-10-16";"Real Madrid, Women";"2016";"83.28";"6";"0";"24.73";"24.82";"1.08";"null";"null";"null";"2.39";"2.88";"10199.34";"113.33";"1545.69";"415.33";"35.12";"23.77";"1.44";"439.1";"36.56";"112.21";"2.16";"99.06";"9.73";"1.08";"0.0";"20.89"
"Giovana Queiroz Costa";"Gio Garbelini";"62393";"2003-06-21";"Atlético Madrid, Women";"2000";"88.53";"4";"0";"29.55";"29.55";"0.82";"null";"null";"null";"2.45";"null";"9024.4";"100.27";"1003.45";"476.56";"50.58";"177.92";"10.17";"654.48";"60.75";"96.07";"5.08";"82.86";"10.42";"2.54";"0.76";"26.18"
"Ana Vitoria Angelica Kliemaschewsk de Araujo";"Ana Vitória";"62477";"2000-03-06";"Atlético Madrid, Women";"2000";"92.46";"4";"0";"26.85";"26.85";"0.85";"null";"null";"null";"2.31";"null";"9191.68";"102.13";"1096.55";"373.79";"37.72";"77.39";"3.41";"451.18";"41.13";"85.42";"2.43";"79.33";"4.62";"1.22";"0.0";"22.63"
"Loreta Kullashi";"L. Kullashi";"62524";"1999-05-20";"FC Levante Las Planas Badalona";"4040";"99.03";"5";"0";"25.44";"25.44";"1.14";"null";"null";"null";"2.28";"3.07";"10031.48";"111.46";"1494.69";"462.06";"36.72";"33.63";"2.54";"495.68";"39.26";"98.34";"4.18";"87.25";"8.0";"1.27";"0.0";"27.99"
"Catalina Alasia Ongaro";"C. Ongaro";"62532";"2003-03-26";"DUX Logroño";"5155";"72.27";"8";"0";"24.21";"24.68";"null";"null";"null";"null";"2.4";"3.13";"9671.56";"107.46";"1315.56";"320.06";"27.09";"22.57";"1.4";"342.63";"28.49";"104.61";"1.09";"91.69";"6.07";"0.31";"0.0";"24.91"
"Daniela Caracas González";"D. Caracas";"62575";"1997-04-25";"Reial Club Deportiu Espanyol";"4041";"96.26";"15";"0";"27.81";"29.4";"0.63";"0.76";"null";"null";"2.12";"2.73";"9392.3";"104.36";"1190.48";"451.53";"39.71";"121.86";"6.42";"573.39";"46.13";"101.23";"4.61";"89.7";"11.78";"2.8";"0.12";"21.44"
"Signe Kallesøe Bruun";"S. Bruun";"62605";"1998-04-06";"Real Madrid, Women";"2016";"62.73";"5";"0";"26.34";"26.34";"1.01";"1.27";"null";"null";"2.66";"3.08";"9410.4";"104.56";"1260.19";"476.59";"41.03";"53.94";"2.87";"530.53";"43.9";"109.89";"6.6";"89.81";"14.63";"5.45";"0.0";"30.13"
"Hildur Antonsdóttir";"H. Antonsdóttir";"62703";"1995-09-18";"Madrid CF, Women";"2011";"92.35";"22";"0";"24.68";"26.52";"0.85";"1.0";"null";"null";"2.09";"2.79";"9123.62";"101.37";"1016.47";"223.44";"19.14";"24.5";"1.55";"247.94";"20.69";"88.69";"1.68";"77.61";"3.81";"0.53";"0.13";"15.99"
"Bárbara Latorre Vinals";"Bárbara Latorre";"62890";"1993-03-14";"Real Club Deportivo de La Coruña";"4039";"69.64";"10";"0";"27.14";"27.84";"0.68";"0.82";"1.67";"null";"2.13";"3.03";"9500.53";"105.56";"1235.5";"544.34";"47.43";"114.76";"7.24";"659.1";"54.67";"101.97";"5.56";"83.62";"12.41";"4.26";"1.29";"32.83"
"Eva María Navarro García";"Eva Navarro";"62893";"2001-01-27";"Real Madrid, Women";"2016";"77.85";"20";"0";"27.89";"29.38";"0.62";"0.76";"1.33";"null";"2.04";"2.89";"9272.64";"103.03";"1160.76";"485.38";"43.01";"139.31";"7.17";"624.69";"50.17";"96.42";"3.82";"84.63";"9.83";"2.49";"0.4";"22.95"
"Ainhoa Vicente Moraza";"Ainhoa Moraza";"62895";"1995-08-20";"Real Sociedad, Women";"2001";"99.89";"21";"0";"27.82";"29.64";"0.68";"0.76";"1.43";"1.54";"1.92";"2.78";"8842.79";"98.25";"885.36";"346.06";"32.86";"98.29";"5.53";"444.35";"38.4";"90.65";"3.56";"77.14";"6.65";"2.06";"0.47";"16.73"
"María de Alharilla Casado Morente";"Alharilla Casado";"62898";"1990-11-13";"Levante UD, Women";"2003";"97.7";"16";"0";"26.08";"27.16";"0.75";"null";"null";"null";"2.17";"2.8";"9091.39";"101.02";"1092.88";"378.02";"30.4";"76.51";"3.51";"454.53";"33.91";"97.81";"4.61";"83.82";"11.0";"2.3";"0.17";"18.54"
"Antonia Ronnycleide da Costa Silva";"Antônia Silva";"63538";"1994-04-26";"Real Madrid, Women";"2016";"76.42";"2";"0";"25.95";"25.95";"null";"null";"null";"null";"null";"null";"9425.56";"104.73";"1269.62";"446.96";"32.98";"78.32";"3.53";"525.28";"36.51";"93.04";"4.71";"75.97";"10.6";"0.0";"0.0";"25.32"
"Daiana Micaela Falfán";"D. Falfán";"63571";"2000-10-14";"DUX Logroño";"5155";"90.8";"22";"0";"23.81";"25.22";"1.0";"null";"null";"null";"2.24";"3.07";"9500.98";"105.57";"1122.33";"228.68";"19.46";"8.42";"0.5";"237.11";"19.96";"98.08";"1.17";"88.53";"5.45";"0.14";"0.0";"16.49"
"Annelie Leitner";"A. Leitner";"63602";"1996-06-15";"DUX Logroño";"5155";"93.47";"20";"0";"27.18";"28.36";"0.81";"0.86";"null";"null";"2.04";"2.7";"9999.76";"111.11";"1658.83";"808.28";"62.73";"161.86";"10.3";"970.14";"73.03";"129.75";"5.15";"103.07";"21.33";"3.9";"0.39";"34.37"
"Linda Lizeth Caicedo Alegria";"L. Caicedo";"63688";"2005-02-22";"Real Madrid, Women";"2016";"83.91";"12";"0";"29.27";"30.68";"0.66";"0.84";"1.31";"null";"2.19";"2.66";"9000.0";"100.0";"1027.64";"479.18";"50.59";"200.84";"10.82";"680.03";"61.41";"97.52";"4.56";"82.32";"12.69";"2.68";"0.8";"28.6"
"Priscila Chinchilla";"P. Chinchilla";"63713";"2001-07-11";"Atlético Madrid, Women";"2000";"96.02";"1";"0";"28.3";"28.3";"null";"null";"null";"null";"null";"null";"9179.34";"101.99";"1231.66";"574.59";"52.49";"194.03";"11.25";"768.62";"63.74";"94.67";"4.69";"81.55";"13.12";"4.69";"0.0";"33.74"
"Klára Cahynová";"K. Cahynová";"63731";"1993-12-20";"Real Sociedad, Women";"2001";"98.16";"19";"0";"23.82";"24.9";"0.74";"null";"null";"null";"2.27";"2.72";"10089.6";"112.11";"1176.81";"217.84";"18.05";"12.02";"0.77";"229.85";"18.82";"86.14";"1.54";"74.99";"2.8";"0.58";"0.0";"17.66"
"Kathrine Møller Kühl";"K. Kühl";"63750";"2003-07-05";"Atlético Madrid, Women";"2000";"51.21";"3";"0";"25.57";"25.57";"null";"null";"null";"null";"null";"3.08";"11064.23";"122.94";"1931.63";"613.41";"46.28";"83.19";"4.69";"696.6";"50.97";"103.11";"2.34";"90.81";"7.62";"0.0";"0.0";"25.78"
"Sofie Junge Pedersen";"S. Junge Pedersen";"63755";"1992-04-24";"FC Levante Las Planas Badalona";"4040";"85.71";"3";"0";"25.0";"25.0";"null";"null";"null";"null";"2.36";"null";"9841.95";"109.36";"1350.79";"305.58";"26.95";"27.3";"2.1";"332.88";"29.05";"111.66";"1.75";"101.51";"6.65";"0.0";"0.0";"18.55"
"Sara Rosted Holmgaard";"S. Holmgaard";"63763";"1999-01-28";"Real Madrid, Women";"2016";"88.62";"16";"0";"26.93";"27.98";"0.66";"0.8";"null";"null";"2.04";"2.83";"9776.53";"108.63";"1343.68";"530.56";"44.75";"96.16";"5.46";"626.71";"50.21";"100.22";"4.19";"88.73";"11.74";"2.41";"0.0";"23.04"
"Sandie Toletti";"S. Toletti";"63789";"1995-07-13";"Real Madrid, Women";"2016";"86.31";"10";"0";"24.46";"25.68";"null";"null";"null";"null";"2.59";"null";"9957.47";"110.64";"1263.79";"255.78";"21.17";"16.68";"1.04";"272.47";"22.21";"90.3";"1.67";"83.11";"2.29";"0.42";"0.0";"13.24"
"Andrea Abigail Alvarez Donis";"A. Alvarez";"63824";"2003-01-13";"Sevilla FC, Women";"2013";"77.73";"10";"0";"26.47";"27.22";"0.9";"null";"null";"null";"2.18";"3.04";"8872.41";"98.58";"1182.9";"505.37";"45.85";"100.73";"6.37";"606.1";"52.22";"109.29";"6.14";"89.61";"13.78";"2.08";"0.12";"27.56"
"Synne Sofie Kinden Jensen";"S. Jensen";"63933";"1996-02-15";"Atlético Madrid, Women";"2000";"83.08";"19";"0";"27.31";"28.3";"0.66";"0.78";"1.67";"2.36";"2.2";"2.78";"8986.85";"99.85";"971.75";"432.25";"40.88";"108.16";"5.93";"540.41";"46.81";"92.88";"5.25";"80.51";"7.36";"2.68";"0.63";"19.79"
"Aldrith Ivana Quintero Humphries";"Aldrith Quintero";"63943";"2002-01-01";"Alhama CF";"5154";"105.23";"8";"0";"25.45";"26.56";"null";"null";"null";"null";"2.53";"3.37";"8243.15";"91.59";"870.99";"186.56";"17.32";"27.58";"0.75";"214.14";"18.07";"85.42";"1.92";"76.44";"4.17";"0.43";"0.0";"13.9"
"Ewa  Pajor";"E. Pajor";"63993";"1996-12-03";"FC Barcelona, Women";"1995";"83.35";"15";"0";"27.43";"28.46";"0.71";"0.75";"1.88";"null";"1.98";"2.76";"9905.88";"110.07";"1351.58";"528.51";"53.63";"121.29";"8.78";"649.81";"62.41";"113.66";"7.41";"94.59";"12.96";"4.61";"0.36";"34.62"
"Ona Batlle Pascual";"Ona Batlle";"64094";"1999-06-10";"FC Barcelona, Women";"1995";"77.92";"14";"0";"27.26";"28.38";"0.65";"0.65";"1.64";"null";"2.0";"2.72";"9309.93";"103.44";"1190.83";"553.92";"48.26";"121.36";"8.83";"675.28";"57.09";"103.46";"5.28";"88.52";"13.53";"3.96";"0.83";"24.67"
"Laia Aleixandri López";"Laia Aleixandri";"64095";"2000-08-25";"FC Barcelona, Women";"1995";"80.14";"9";"0";"25.6";"26.6";"0.98";"null";"null";"null";"2.08";"3.32";"9731.31";"108.13";"1212.45";"328.57";"27.2";"53.53";"2.87";"382.1";"30.07";"96.84";"3.49";"84.73";"6.99";"1.5";"0.12";"17.47"
"Rosa Márquez Baena";"Rosa Márquez";"64097";"2000-12-22";"Sevilla FC, Women";"2013";"101.11";"22";"0";"24.93";"26.6";"0.69";"null";"null";"null";"2.03";"2.94";"9028.78";"100.32";"1177.82";"334.57";"26.38";"36.62";"1.74";"371.19";"28.12";"94.11";"2.35";"83.84";"7.24";"0.89";"0.08";"24.2"
"Anna Torroda Ricart";"Anna Torrodà";"64098";"2000-01-21";"Reial Club Deportiu Espanyol";"4041";"96.28";"17";"0";"24.94";"26.46";"1.1";"null";"null";"null";"2.25";"2.78";"9741.57";"108.24";"1295.05";"304.64";"24.25";"26.23";"1.21";"330.87";"25.46";"92.38";"1.43";"84.96";"4.56";"0.27";"0.0";"19.3"
"Nerea Eizaguirre Lasa";"Nerea Eizagirre";"64099";"2000-01-04";"Real Sociedad, Women";"2001";"79.92";"8";"0";"26.1";"26.76";"0.96";"null";"null";"null";"2.17";"2.93";"8715.56";"96.84";"923.98";"334.6";"31.81";"62.36";"2.82";"396.96";"34.63";"86.29";"3.66";"76.72";"6.19";"1.41";"0.99";"20.41"
"Claudia Pina Medina";"Claudia Pina";"64100";"2001-08-12";"FC Barcelona, Women";"1995";"77.61";"13";"0";"25.51";"26.8";"0.86";"0.99";"null";"null";"2.26";"2.84";"9613.8";"106.82";"1164.35";"391.15";"32.65";"37.11";"1.69";"428.26";"34.34";"107.04";"3.57";"89.47";"5.8";"2.5";"0.36";"20.34"
"Amaiur Sarriegi Isasa";"Amaiur Sarriegi";"64102";"2000-12-13";"Atlético Madrid, Women";"2000";"78.72";"17";"0";"26.62";"27.98";"0.79";"0.81";"null";"null";"1.96";"3.0";"9426.65";"104.74";"1354.72";"537.99";"45.06";"104.1";"5.25";"642.09";"50.3";"106.05";"5.92";"90.05";"10.63";"3.23";"0.27";"29.12"
"Alba María Redondo Ferrer";"Alba Redondo";"64103";"1996-08-27";"Real Madrid, Women";"2016";"73.83";"15";"0";"26.46";"28.04";"0.66";"0.82";"1.95";"null";"1.99";"2.99";"9304.09";"103.38";"1196.7";"453.86";"41.53";"65.58";"4.79";"519.44";"46.32";"100.2";"5.61";"85.08";"11.95";"3.66";"0.41";"27.47"
"Athenea del Castillo Belvide";"Athenea del Castillo";"64105";"2000-10-24";"Real Madrid, Women";"2016";"75.04";"21";"0";"28.21";"29.4";"0.68";"0.69";"1.44";"1.68";"1.9";"2.78";"9613.04";"106.81";"1197.98";"506.64";"49.57";"153.06";"9.37";"659.7";"58.94";"95.09";"4.74";"80.07";"13.19";"3.03";"0.97";"29.41"
"María José Pérez González";"María José Pérez";"67695";"1984-03-19";"Alhama CF";"5154";"94.65";"9";"0";"26.16";"26.5";"0.92";"1.04";"2.14";"null";"2.03";"2.82";"8898.61";"98.87";"1126.34";"465.71";"40.04";"70.15";"5.71";"535.86";"45.75";"98.57";"5.71";"81.77";"10.67";"2.85";"0.85";"30.74"
"Aleksandra Zaremba Kupiec";"A. Zaremba";"67697";"2001-02-19";"UDG Tenerife, Women";"1996";"98.14";"22";"0";"27.26";"28.84";"0.74";"0.82";"1.47";"null";"2.28";"2.93";"8974.13";"99.71";"1136.1";"503.86";"40.72";"105.42";"5.59";"609.28";"46.31";"104.62";"4.08";"88.28";"11.3";"2.96";"0.63";"17.38"
"Natalia Ramos Álvarez";"Natalia Ramos";"67699";"1999-02-10";"UDG Tenerife, Women";"1996";"101.62";"23";"0";"24.18";"25.94";"0.76";"0.89";"null";"null";"2.0";"2.8";"9807.91";"108.98";"1605.0";"355.38";"30.23";"17.94";"1.12";"373.32";"31.34";"128.73";"2.97";"104.08";"9.93";"1.08";"0.04";"29.73"
"Patricia Gavira Collado";"Patri Gavira";"67700";"1989-04-26";"UDG Tenerife, Women";"1996";"103.59";"22";"0";"25.84";"27.14";"0.83";"null";"null";"null";"2.16";"2.81";"8547.12";"94.97";"836.74";"229.18";"19.83";"32.74";"1.42";"261.92";"21.25";"97.67";"2.84";"80.96";"7.42";"0.83";"0.0";"12.08"
"Koko Ange Mariette Christelle N'Guessan";"A. N'Guessan";"67702";"1990-11-18";"UDG Tenerife, Women";"1996";"80.39";"5";"0";"27.72";"27.72";"0.75";"0.81";"null";"null";"2.1";"null";"8441.35";"93.79";"1073.86";"483.87";"47.47";"143.97";"8.28";"627.84";"55.75";"100.76";"6.49";"88.44";"14.55";"3.36";"0.45";"21.94"
"Paola Hernández Díaz";"Paola Hernández";"67705";"2002-07-25";"UDG Tenerife, Women";"1996";"78.8";"16";"0";"24.81";"26.34";"0.89";"null";"null";"null";"2.14";"3.06";"9850.95";"109.45";"1410.84";"323.37";"26.91";"30.12";"1.21";"353.49";"28.13";"117.43";"2.57";"95.65";"9.42";"0.71";"0.21";"27.55"
"Cecilia Marcos Nabal";"Cecilia Marcos";"68132";"2001-11-03";"Real Sociedad, Women";"2001";"73.97";"6";"0";"27.85";"27.98";"0.7";"0.76";"2.19";"null";"2.35";"2.89";"9912.81";"110.14";"1381.58";"597.0";"54.96";"196.3";"11.56";"793.3";"66.51";"117.82";"6.49";"94.9";"17.44";"5.48";"1.22";"38.93"
"Emma Ramírez Gorgoso";"Emma Ramírez";"68133";"2002-05-10";"Real Sociedad, Women";"2001";"70.22";"11";"0";"27.09";"28.52";"0.86";"null";"null";"null";"2.4";"2.8";"9429.67";"104.77";"1240.41";"458.99";"40.2";"113.38";"5.01";"572.37";"45.21";"105.22";"5.13";"91.71";"13.05";"1.28";"0.0";"27.27"
"Gemma Gili Giner";"Gemma Gili";"68135";"1994-05-21";"Sevilla FC, Women";"2013";"84.83";"2";"0";"24.7";"24.7";"null";"null";"null";"null";"null";"null";"9122.18";"101.36";"991.41";"284.85";"20.16";"9.55";"0.53";"294.4";"20.69";"99.19";"2.12";"76.39";"6.9";"0.53";"0.0";"13.79"
"Iris Arnaiz Gil";"Iris Arnaiz";"68136";"1994-05-18";"Sevilla FC, Women";"2013";"88.57";"17";"0";"24.57";"26.78";"0.99";"null";"null";"null";"2.05";"3.15";"8767.2";"97.41";"983.35";"213.15";"18.83";"27.02";"1.26";"240.17";"20.08";"91.22";"1.79";"81.47";"4.66";"0.54";"0.0";"11.12"
"Maddi Torre Larrañaga";"Maddi Torre";"68138";"1996-03-30";"Athletic Club de Bilbao, Women";"2010";"86.06";"9";"0";"25.92";"26.86";"1.07";"null";"null";"null";"2.52";"null";"8936.24";"99.29";"958.66";"323.74";"26.15";"34.4";"2.32";"358.13";"28.47";"90.4";"2.44";"74.72";"5.11";"0.93";"0.23";"13.83"
"Gabriela Antonia García Segura";"Gaby García";"68140";"1997-04-02";"Atlético Madrid, Women";"2000";"93.52";"12";"0";"25.52";"26.56";"0.89";"null";"null";"null";"2.13";"3.06";"9644.7";"107.16";"1288.51";"349.9";"26.71";"43.95";"2.81";"393.84";"29.51";"99.44";"2.09";"88.94";"6.01";"0.96";"0.16";"17.64"
"Mirari Uria Gabilondo";"Mirari Uria";"68146";"2003-01-01";"Real Sociedad, Women";"2001";"73.55";"4";"0";"25.73";"25.73";"null";"null";"null";"null";"2.34";"3.27";"10421.58";"115.8";"1333.48";"522.81";"43.44";"49.25";"4.59";"572.06";"48.03";"100.34";"5.2";"91.47";"11.62";"1.84";"0.0";"30.9"
"Berta Pujadas Boix";"Berta Pujadas";"68151";"2000-04-09";"FC Levante Las Planas Badalona";"4040";"101.13";"6";"0";"25.95";"26.18";"1.13";"null";"null";"null";"2.4";"3.23";"8211.54";"91.24";"863.96";"251.55";"21.51";"34.71";"2.22";"286.26";"23.73";"90.18";"3.11";"74.46";"5.34";"1.63";"0.0";"13.35"
"Esther Martín-Pozuelo Aranda";"Esther Martín-Pozuelo";"68154";"1998-10-08";"Sevilla FC, Women";"2013";"94.44";"16";"0";"26.73";"27.86";"0.67";"null";"2.12";"null";"2.16";"2.67";"8801.62";"97.8";"1057.8";"383.69";"33.35";"69.75";"3.99";"453.43";"37.34";"99.35";"4.17";"85.35";"9.95";"1.67";"0.3";"20.25"
"Lice Fabiana Chamorro Gómez";"L. Chamorro";"68162";"1998-12-22";"FC Levante Las Planas Badalona";"4040";"94.66";"18";"0";"28.85";"30.06";"0.59";"0.74";"1.29";"1.83";"1.78";"2.86";"8785.26";"97.61";"1047.46";"586.75";"56.94";"231.62";"13.21";"818.37";"70.15";"97.4";"6.34";"81.82";"12.47";"4.81";"1.9";"25.04"
"Nerea Nevado Gómez";"Nerea Nevado";"68163";"2001-04-27";"Athletic Club de Bilbao, Women";"2010";"94.51";"19";"0";"26.69";"27.8";"0.62";"0.91";"null";"null";"2.1";"2.89";"8824.02";"98.04";"1059.11";"422.05";"35.48";"83.2";"4.66";"505.25";"40.15";"100.04";"4.11";"88.21";"9.87";"2.66";"0.25";"19.6"
"Gema Soliveres Cholbi";"Gema Soliveres";"68167";"2000-11-03";"Levante UD, Women";"2003";"62.3";"6";"0";"25.08";"25.42";"null";"null";"null";"null";"2.37";"null";"9182.82";"102.03";"1150.59";"266.28";"22.15";"32.02";"1.93";"298.3";"24.08";"100.16";"1.69";"94.38";"3.37";"0.24";"0.0";"17.82"
"Sonia García Majarín";"Sonia Majarín";"68169";"2002-12-06";"FC Levante Las Planas Badalona";"4040";"99.17";"20";"0";"26.79";"27.9";"0.76";"0.99";"null";"null";"2.02";"null";"8288.49";"92.09";"856.73";"295.12";"26.14";"71.1";"3.4";"366.22";"29.54";"90.07";"2.4";"76.68";"5.54";"1.27";"0.09";"14.84"
"Vera Martínez Viota";"Vera Martínez";"68175";"1999-09-13";"Real Club Deportivo de La Coruña";"4039";"98.37";"18";"0";"26.36";"27.4";"0.93";"0.99";"null";"null";"2.27";"2.91";"9206.76";"102.3";"1125.61";"391.33";"31.51";"69.23";"4.32";"460.56";"35.83";"99.02";"2.74";"82.19";"8.39";"1.12";"0.0";"18.45"
"Garazi Fácila Giralte";"Garazi Facila";"68176";"1999-10-25";"SD Eibar, Women";"2024";"101.61";"22";"0";"28.2";"29.44";"0.72";"0.84";"1.53";"1.69";"2.12";"2.71";"8827.85";"98.09";"1058.43";"483.64";"43.24";"157.47";"9.02";"641.1";"52.26";"101.78";"4.27";"87.93";"11.23";"2.9";"0.93";"20.86"
"Miku Ito Kojima";"M. Kojima";"68177";"1999-11-06";"Granada CF, Women";"4071";"88.39";"6";"0";"23.37";"23.56";"null";"null";"null";"null";"2.39";"2.99";"9559.93";"106.22";"1117.54";"195.0";"15.78";"2.21";"0.0";"197.2";"15.78";"100.81";"1.87";"86.21";"3.39";"0.51";"0.0";"17.14"
"Naima García Aguilar";"Naima Garcia";"68178";"1998-06-24";"Reial Club Deportiu Espanyol";"4041";"72.83";"12";"0";"25.65";"26.92";"0.79";"null";"null";"null";"2.13";"3.04";"9776.0";"108.62";"1320.19";"366.01";"31.62";"62.41";"2.78";"428.42";"34.4";"98.15";"3.4";"82.08";"8.75";"2.37";"0.21";"23.38"
"Ana González";"Ana Gonzalez";"68183";"1995-03-26";"FC Levante Las Planas Badalona";"4040";"84.9";"16";"0";"24.12";"25.2";"1.09";"null";"null";"null";"2.33";"3.04";"8590.44";"95.45";"999.04";"240.96";"18.15";"18.35";"0.99";"259.32";"19.15";"99.65";"1.13";"82.88";"4.7";"0.4";"0.0";"13.32"
"Angela Sosa Martín";"Ángela Sosa";"68185";"1993-01-16";"Madrid CF, Women";"2011";"92.09";"21";"0";"25.76";"27.1";"0.85";"0.85";"null";"null";"2.09";"2.75";"10138.17";"112.65";"1634.03";"470.79";"37.56";"52.17";"3.96";"522.96";"41.51";"103.83";"1.35";"90.33";"6.47";"0.33";"0.05";"24.99"
"Paula Perea ";"Paula Perea";"68189";"1996-06-19";"Reial Club Deportiu Espanyol";"4041";"80.18";"8";"0";"26.09";"26.72";"0.92";"null";"null";"null";"2.23";"2.74";"9352.24";"103.91";"1217.93";"540.77";"41.53";"99.06";"4.91";"639.83";"46.44";"104.39";"5.61";"90.92";"15.15";"1.54";"0.0";"28.34"
"Andrea Medina Martin";"Andrea Medina";"68193";"2004-05-11";"Atlético Madrid, Women";"2000";"96.14";"23";"0";"26.72";"28.48";"0.82";"0.88";"1.57";"2.02";"2.0";"2.72";"9432.26";"104.8";"1223.17";"481.81";"37.53";"98.33";"5.01";"580.14";"42.53";"98.74";"4.72";"84.33";"12.21";"2.77";"0.33";"16.81"
"Silvia Lloris Nicolás";"Silvia Lloris";"68197";"2004-05-15";"Atlético Madrid, Women";"2000";"101.08";"16";"0";"26.65";"28.12";"0.89";"0.96";"null";"null";"2.47";"3.09";"8995.64";"99.95";"1001.65";"307.73";"23.93";"57.15";"2.95";"364.88";"26.88";"88.65";"2.45";"73.18";"3.45";"0.78";"0.22";"12.74"
"Leire Baños Indakoetxea";"Leire Baños";"68200";"1996-11-29";"Athletic Club de Bilbao, Women";"2010";"75.3";"13";"0";"23.96";"25.54";"null";"null";"null";"null";"2.47";"3.17";"9242.97";"102.7";"1003.73";"172.02";"16.83";"15.91";"0.55";"187.93";"17.38";"95.89";"1.84";"90.19";"4.14";"0.18";"0.0";"14.99"
"María Méndez Fernández";"María Méndez";"68201";"2001-04-10";"Real Madrid, Women";"2016";"99.26";"16";"0";"26.09";"27.12";"0.7";"0.83";"null";"null";"2.32";"3.0";"8773.44";"97.48";"972.19";"280.62";"23.86";"43.41";"2.61";"324.03";"26.46";"97.75";"2.55";"80.98";"5.27";"1.42";"0.06";"12.92"
"Núria Mendoza Miralles";"Núria Mendoza";"68202";"1995-12-15";"Madrid CF, Women";"2011";"98.3";"24";"0";"25.0";"26.88";"0.88";"null";"null";"null";"2.17";"3.12";"8420.82";"93.56";"776.3";"210.93";"18.2";"29.07";"1.34";"240.0";"19.53";"88.12";"1.95";"75.12";"4.08";"0.23";"0.0";"11.79"
"Lucía María Rodríguez Herrero";"Lucía Rodríguez";"68208";"1999-05-24";"Real Sociedad, Women";"2001";"99.03";"18";"0";"26.22";"27.38";"0.72";"null";"null";"null";"2.05";"3.0";"9279.69";"103.11";"1155.51";"352.79";"29.64";"68.32";"3.58";"421.1";"33.22";"94.47";"3.74";"84.42";"7.07";"1.57";"0.1";"19.34"
"Rocío Gálvez Luna";"Rocio Galvez";"68210";"1997-04-15";"Real Madrid, Women";"2016";"101.14";"13";"0";"25.72";"26.82";"0.96";"null";"null";"null";"2.2";"3.03";"8544.33";"94.94";"850.74";"241.43";"21.36";"28.68";"1.92";"270.12";"23.27";"83.24";"1.99";"71.05";"4.31";"0.82";"0.0";"11.57"
"Lorena Navarro Domínguez";"Lorena Navarro";"68215";"2000-11-11";"FC Levante Las Planas Badalona";"4040";"84.66";"11";"0";"23.25";"24.12";"null";"null";"null";"null";"2.16";"2.93";"9227.24";"102.52";"1085.2";"180.53";"16.43";"12.56";"0.58";"193.09";"17.01";"103.79";"0.77";"89.59";"5.9";"0.29";"0.0";"19.33"
"Paula Arana Montes";"Paula Arana";"68245";"2001-11-08";"Reial Club Deportiu Espanyol";"4041";"71.09";"11";"0";"25.31";"26.16";"0.76";"null";"null";"null";"2.15";"2.84";"10439.79";"116.0";"1665.16";"458.96";"38.09";"42.7";"3.57";"501.65";"41.66";"105.65";"3.34";"91.61";"8.17";"1.73";"0.0";"39.24"
"Irene Oguiza Martínez";"Irene Oguiza";"68246";"2000-01-05";"Athletic Club de Bilbao, Women";"2010";"61.29";"4";"0";"24.55";"24.55";"null";"null";"null";"null";"2.43";"null";"10216.64";"113.52";"1436.55";"263.96";"26.07";"16.15";"2.2";"280.11";"28.27";"110.5";"1.47";"101.33";"6.61";"1.1";"0.0";"22.39"
"Ane Azkona";"Ane Azkona";"68249";"1998-07-15";"Athletic Club de Bilbao, Women";"2010";"81.6";"16";"0";"26.86";"28.22";"0.78";"0.95";"1.83";"null";"1.99";"2.93";"9629.77";"107.0";"1337.32";"492.58";"42.6";"94.57";"6.07";"587.15";"48.66";"99.4";"4.27";"86.09";"8.41";"1.79";"0.76";"26.19"
"Ane Etxezarreta Ayerbe";"Ane Etxezarreta";"68262";"1995-08-24";"SD Eibar, Women";"2024";"93.05";"12";"0";"25.91";"26.62";"0.85";"null";"null";"null";"2.34";"2.99";"8473.36";"94.15";"853.84";"255.35";"21.44";"41.27";"2.42";"296.62";"23.86";"93.18";"2.74";"78.27";"6.53";"1.21";"0.24";"11.61"
"Lauren Eduarda Leal Costa";"Lauren Leal";"68398";"2002-09-13";"Atlético Madrid, Women";"2000";"88.92";"21";"0";"25.71";"27.02";"0.79";"0.98";"null";"null";"2.22";"3.11";"9165.59";"101.84";"1143.86";"315.59";"24.15";"47.47";"2.65";"363.07";"26.8";"95.91";"2.89";"82.27";"5.21";"1.45";"0.05";"12.34"
"Yasmim Assis Ribeiro";"Yasmim";"68399";"1996-10-28";"Real Madrid, Women";"2016";"74.12";"8";"0";"26.99";"28.12";"0.85";"0.93";"null";"null";"2.46";"3.0";"9720.73";"108.01";"1277.03";"450.62";"37.49";"94.4";"4.86";"545.02";"42.35";"102.75";"4.4";"90.15";"7.44";"3.04";"0.76";"19.43"
"Alices Yannel Correa Santa Cruz";"Yannel Correa";"68451";"1996-09-10";"Alhama CF";"5154";"84.74";"11";"0";"26.22";"27.6";"0.92";"null";"null";"null";"2.34";"3.13";"8224.02";"91.38";"824.67";"283.48";"23.56";"54.26";"2.22";"337.75";"25.78";"91.82";"3.19";"80.04";"5.41";"0.87";"0.1";"13.42"
"Ximena Daiana Velazco Nuñez";"X. Velazco";"68457";"1995-07-31";"DUX Logroño";"5155";"68.08";"8";"0";"24.15";"25.22";"null";"null";"null";"null";"2.76";"null";"9317.01";"103.52";"955.66";"175.66";"16.19";"14.38";"0.5";"190.04";"16.69";"83.29";"0.99";"83.95";"3.47";"0.0";"0.0";"10.41"
"Esperanza Pizarro Pagalday";"E. Pizarro";"68468";"2001-04-15";"Real Club Deportivo de La Coruña";"4039";"94.4";"12";"0";"25.5";"26.72";"0.85";"null";"null";"null";"1.91";"2.99";"9168.57";"101.87";"1255.87";"426.49";"33.93";"49.97";"2.94";"476.46";"36.86";"102.81";"3.65";"80.64";"8.74";"1.35";"0.0";"25.58"
"Chantal Hagel";"C. Hagel";"69887";"1998-07-20";"Sevilla FC, Women";"2013";"87.54";"5";"0";"23.5";"23.5";"null";"null";"null";"null";"2.39";"null";"9835.27";"109.28";"1427.36";"277.58";"22.0";"10.28";"0.41";"287.86";"22.41";"94.58";"1.23";"84.71";"4.73";"0.21";"0.21";"15.01"
"Sarah Jankovska";"S. Jankovska";"69987";"1999-08-13";"FC Levante Las Planas Badalona";"4040";"80.87";"4";"0";"26.82";"26.82";"null";"null";"null";"null";"2.41";"null";"9409.73";"104.55";"981.84";"267.93";"23.09";"29.77";"1.67";"297.7";"24.76";"86.81";"1.95";"79.57";"4.17";"0.28";"0.0";"19.75"
"Claudia Florentino Vivó";"Claudia Florentino";"69993";"1998-03-10";"Real Sociedad, Women";"2001";"98.92";"12";"0";"26.27";"26.76";"1.12";"null";"null";"null";"2.05";"3.07";"8890.03";"98.78";"952.1";"305.34";"26.54";"43.67";"3.56";"349.01";"30.1";"96.52";"2.5";"78.78";"5.46";"0.68";"0.0";"16.83"
"Natasa Andonova";"N. Andonova";"70069";"1993-12-04";"Madrid CF, Women";"2011";"70.66";"14";"0";"24.09";"25.06";"null";"null";"null";"null";"2.33";"null";"9291.21";"103.24";"1136.35";"243.44";"21.11";"15.19";"0.64";"258.64";"21.74";"94.7";"1.46";"81.69";"5.46";"0.27";"0.18";"18.83"
"Ainhoa Estévez Bascuñán";"Ainhoa Bascuñán";"70071";"2004-02-23";"Levante UD, Women";"2003";"78.1";"8";"0";"23.85";"24.72";"0.77";"null";"null";"null";"2.58";"null";"9188.08";"102.09";"1217.8";"208.3";"16.28";"13.54";"1.73";"221.84";"18.01";"90.32";"1.44";"77.07";"2.88";"0.43";"0.0";"14.55"
"Estefanía  Lima Díaz";"Estefa";"70124";"1989-05-11";"Alhama CF";"5154";"77.48";"9";"0";"24.52";"25.42";"null";"null";"null";"null";"2.84";"3.33";"9096.07";"101.07";"1061.05";"242.0";"18.97";"18.59";"1.03";"260.58";"20.01";"97.7";"1.94";"85.83";"6.32";"0.39";"0.0";"12.65"
"Belen Martínez Sousa";"Belen";"70126";"1988-11-24";"Alhama CF";"5154";"97.26";"17";"0";"28.75";"29.76";"0.63";"0.76";"1.41";"1.59";"2.29";"2.77";"8968.01";"99.64";"1009.32";"543.53";"53.73";"203.86";"11.21";"747.38";"64.94";"98.47";"6.59";"77.68";"18.4";"4.46";"1.25";"26.89"
"Ainoa Campo Franco";"Ainoa Campo";"70128";"1996-06-17";"Reial Club Deportiu Espanyol";"4041";"93.96";"19";"0";"24.98";"26.4";"0.94";"null";"null";"null";"2.07";"2.84";"9950.07";"110.56";"1347.19";"294.2";"24.1";"26.01";"1.46";"320.21";"25.56";"107.53";"1.81";"91.55";"6.35";"0.35";"0.0";"22.53"
"Raquel Pinel Sáez";"Raquel Pinel";"70143";"1994-08-30";"Alhama CF";"5154";"75.15";"10";"0";"23.66";"24.56";"null";"null";"null";"null";"2.07";"2.83";"8722.49";"96.92";"1049.41";"227.06";"22.27";"22.15";"0.96";"249.21";"23.23";"97.24";"2.16";"83.35";"5.63";"0.6";"0.0";"15.09"
"Sheila Guijarro Gómez";"Sheila Guijarro";"70144";"1996-09-26";"Atlético Madrid, Women";"2000";"83.62";"2";"0";"26.4";"26.4";"null";"null";"null";"null";"null";"null";"9125.75";"101.4";"1055.35";"381.02";"32.29";"87.18";"2.69";"468.21";"34.98";"92.03";"5.38";"78.57";"10.23";"0.54";"0.54";"22.06"
"Arene Altonaga Echeverria";"Arene Altonaga";"70147";"1993-02-25";"SD Eibar, Women";"2024";"82.28";"21";"0";"23.96";"25.42";"0.76";"0.83";"null";"null";"2.04";"2.87";"9695.1";"107.72";"1420.92";"276.22";"24.95";"16.51";"1.04";"292.74";"25.99";"111.21";"2.19";"93.19";"11.46";"0.83";"0.0";"28.13"
"Arola Aparicio Gili";"Arola Aparicio";"70148";"1997-09-24";"Real Sociedad, Women";"2001";"86.34";"6";"0";"27.67";"27.9";"0.71";"0.79";"1.58";"null";"2.15";"3.01";"9699.26";"107.77";"1268.04";"560.8";"53.51";"184.67";"10.42";"745.47";"63.93";"97.64";"6.6";"87.73";"15.46";"5.21";"1.39";"34.57"
"Elba Vergés Prats";"Elba Vergés";"70149";"1995-10-24";"UDG Tenerife, Women";"1996";"101.88";"21";"0";"24.88";"26.24";"0.78";"null";"1.87";"null";"2.29";"2.88";"8548.29";"94.98";"907.26";"229.77";"19.18";"17.71";"0.93";"247.48";"20.11";"93.22";"2.4";"75.22";"4.04";"1.18";"0.17";"14.39"
"María Llompart Pons";"María Llompart";"70151";"2000-10-19";"FC Levante Las Planas Badalona";"4040";"85.62";"20";"0";"25.38";"26.56";"0.87";"0.95";"2.24";"null";"2.2";"2.86";"9609.27";"106.77";"1307.47";"380.85";"30.9";"42.78";"2.79";"423.63";"33.69";"96.39";"1.94";"83.1";"8.04";"1.37";"0.21";"26.6"
"Ane Campos Andueza";"Ane Campos";"70161";"1999-05-21";"Athletic Club de Bilbao, Women";"2010";"65.01";"9";"0";"27.4";"28.42";"0.81";"0.81";"null";"null";"2.32";"2.81";"10045.62";"111.62";"1299.08";"460.72";"47.07";"101.07";"7.23";"561.78";"54.3";"111.06";"4.77";"93.37";"9.69";"1.69";"0.31";"37.53"
"Miriam Rodriguez González";"Kuki";"70162";"1994-11-18";"Alhama CF";"5154";"75.52";"3";"0";"22.9";"22.9";"null";"null";"null";"null";"2.44";"3.03";"10043.61";"111.6";"1334.8";"342.44";"28.21";"13.11";"0.0";"355.55";"28.21";"104.88";"1.99";"91.37";"7.15";"0.0";"0.0";"27.01"
"Paulina Gramaglia";"P. Gramaglia";"75104";"2003-03-21";"UDG Tenerife, Women";"1996";"76.88";"6";"0";"25.92";"26.22";"0.97";"null";"null";"null";"2.08";"3.0";"9733.38";"108.15";"1179.58";"459.66";"37.46";"53.65";"4.1";"513.31";"41.56";"108.67";"6.24";"87.8";"10.34";"3.32";"0.0";"31.8"
"Carmen Menayo Montero";"Carmen Menayo";"95618";"1998-04-14";"Atlético Madrid, Women";"2000";"72.48";"11";"0";"26.79";"28.42";"0.95";"null";"null";"null";"2.42";"null";"8677.61";"96.42";"955.2";"290.33";"25.06";"65.02";"3.39";"355.35";"28.45";"89.51";"2.03";"74.28";"3.61";"0.45";"0.0";"8.8"
"Carmen Álvarez ";"Carmen Alvarez";"95619";"2003-02-24";"SD Eibar, Women";"2024";"82.52";"17";"0";"27.31";"28.5";"0.88";"null";"null";"null";"2.12";"3.02";"8660.91";"96.23";"972.35";"373.39";"35.29";"94.31";"5.52";"467.7";"40.8";"96.11";"5.45";"80.96";"10.2";"2.5";"0.51";"22.39"
"Claudia Iglesias de la Cruz";"Claudia Iglesias";"95620";"2003-08-30";"UDG Tenerife, Women";"1996";"72.78";"1";"0";"22.9";"22.9";"null";"null";"null";"null";"null";"null";"9374.26";"104.16";"1081.98";"210.21";"16.08";"0.0";"0.0";"210.21";"16.08";"100.16";"1.24";"87.79";"4.95";"0.0";"0.0";"8.66"
"Sheila García Gómez";"Sheila Garcia";"95622";"1997-03-15";"Real Madrid, Women";"2016";"88.1";"13";"0";"27.67";"29.12";"0.78";"0.8";"null";"null";"2.05";"3.11";"9431.49";"104.79";"1180.14";"450.12";"40.16";"97.6";"6.13";"547.72";"46.28";"92.57";"3.69";"81.73";"6.99";"2.12";"0.16";"20.98"
"Ana Franco de la Vega";"Ana Franco";"95624";"1999-06-06";"Levante UD, Women";"2003";"88.68";"12";"0";"25.46";"26.52";"0.74";"null";"null";"null";"2.25";"2.9";"10010.94";"111.23";"1534.13";"474.62";"36.7";"44.91";"3.64";"519.53";"40.34";"109.01";"4.23";"92.69";"7.19";"1.61";"0.25";"24.86"
"María Inmaculada Gabarro Romero";"Inma Gabarro";"95632";"2002-11-05";"Sevilla FC, Women";"2013";"91.0";"10";"0";"27.49";"28.12";"0.66";"0.78";"1.29";"null";"2.07";"2.99";"9489.41";"105.44";"1285.57";"473.03";"44.7";"115.31";"7.52";"588.34";"52.22";"107.5";"6.43";"90.49";"13.65";"4.85";"0.79";"29.37"
"Teresa Merida Cañete";"Teresa Merida";"95634";"2002-07-17";"Levante UD, Women";"2003";"97.28";"15";"0";"24.74";"26.54";"0.97";"null";"null";"null";"2.49";"3.21";"8470.07";"94.11";"802.06";"213.65";"15.48";"28.06";"1.48";"241.71";"16.96";"85.05";"2.04";"71.3";"3.21";"0.56";"0.19";"7.83"
"Esmee Brugts";"E. Brugts";"143905";"2003-07-28";"FC Barcelona, Women";"1995";"85.95";"16";"0";"25.75";"26.9";"0.67";"0.79";"1.77";"null";"2.1";"2.87";"9683.52";"107.59";"1250.44";"385.2";"32.85";"54.19";"3.27";"439.39";"36.13";"99.8";"4.97";"84.88";"8.97";"2.42";"0.59";"20.75"
"Welma Fon";"W. Fon";"143945";"2002-06-01";"DUX Logroño";"5155";"48.83";"2";"0";"27.15";"27.15";"null";"null";"null";"null";"null";"null";"9177.24";"101.97";"1333.41";"465.36";"46.08";"127.17";"8.29";"592.53";"54.37";"97.68";"4.61";"81.09";"20.27";"3.69";"0.92";"27.65"
"Paula Partido Duran";"Paula Partido";"147842";"2005-03-02";"DUX Logroño";"5155";"75.92";"9";"0";"26.13";"26.92";"0.75";"1.28";"null";"null";"1.94";"2.86";"9999.82";"111.11";"1461.93";"472.73";"39.25";"59.27";"3.82";"532.0";"43.07";"100.24";"3.56";"85.22";"10.14";"1.98";"0.0";"33.06"
"Ona Baradad Rius";"Ona Baradad";"147844";"2004-04-16";"Reial Club Deportiu Espanyol";"4041";"84.54";"18";"0";"26.94";"28.64";"0.64";"0.76";"null";"null";"1.92";"2.76";"9716.12";"107.96";"1243.92";"447.96";"41.16";"96.05";"5.26";"544.01";"46.43";"97.71";"4.44";"82.33";"10.47";"2.48";"0.06";"31.35"
"Ariana Arias Jiménez";"Ariana Arias";"151716";"2003-05-25";"UDG Tenerife, Women";"1996";"62.5";"1";"0";"24.6";"24.6";"null";"null";"null";"null";"null";"null";"10252.8";"113.92";"1758.24";"627.84";"44.64";"34.56";"1.44";"662.4";"46.08";"109.44";"7.2";"84.96";"11.52";"4.32";"2.88";"25.92"
"Ariana Arias Jiménez";"Ariana Arias";"151716";"2003-05-25";"Levante UD, Women";"2003";"76.07";"5";"0";"25.62";"25.62";"1.0";"null";"null";"null";"2.03";"null";"9212.32";"102.36";"1196.32";"460.45";"39.75";"46.85";"4.73";"507.3";"44.48";"109.55";"6.63";"90.15";"9.46";"2.84";"0.0";"26.74"
"Esther Laborde Cabanillas";"Esther Laborde";"151728";"2004-04-20";"Madrid CF, Women";"2011";"75.84";"18";"0";"24.31";"25.56";"0.97";"null";"null";"null";"2.27";"3.09";"9195.7";"102.17";"1175.04";"294.7";"24.26";"23.87";"1.19";"318.57";"25.45";"93.88";"1.38";"81.88";"4.35";"0.73";"0.07";"16.28"
"Claire Lavogez";"C. Lavogez";"157687";"1994-06-18";"Real Sociedad, Women";"2001";"77.38";"11";"0";"26.05";"26.6";"1.13";"null";"null";"null";"2.13";"2.95";"9818.39";"109.09";"1280.19";"435.82";"40.28";"65.24";"4.76";"501.06";"45.04";"106.05";"4.33";"89.03";"12.79";"0.74";"0.11";"29.39"
"Salma Paralluelo Ayingono";"Salma Paralluelo";"167402";"2003-11-13";"FC Barcelona, Women";"1995";"82.59";"11";"0";"28.52";"29.46";"0.71";"0.81";"1.48";"2.19";"2.14";"2.96";"9293.94";"103.27";"1126.62";"466.92";"50.53";"167.63";"10.01";"634.54";"60.53";"109.17";"5.85";"94.12";"11.69";"3.86";"1.49";"26.85"
"Naomie Feller";"N. Feller";"167449";"2001-11-06";"Real Madrid, Women";"2016";"65.94";"11";"0";"28.44";"29.24";"0.8";"0.83";"1.54";"null";"2.18";"2.71";"9010.67";"100.12";"1057.02";"446.31";"45.54";"135.25";"8.19";"581.55";"53.73";"101.74";"6.2";"83.38";"15.01";"4.09";"0.99";"26.68"
"Ruthny Mathurin";"R. Mathurin";"167457";"2001-01-14";"Alhama CF";"5154";"51.23";"1";"0";"26.4";"26.4";"null";"null";"null";"null";"null";"null";"8245.8";"91.62";"943.33";"346.06";"38.65";"52.7";"7.03";"398.76";"45.67";"100.13";"7.03";"87.83";"15.81";"0.0";"0.0";"22.84"
"Allegra Poljak";"A. Poljak";"167512";"1999-02-05";"Madrid CF, Women";"2011";"92.99";"19";"0";"27.75";"28.98";"0.67";"0.77";"1.43";"null";"2.19";"2.84";"9337.59";"103.75";"1161.32";"442.59";"38.97";"142.37";"7.18";"584.96";"46.15";"98.21";"3.92";"87.82";"9.98";"2.7";"0.36";"21.5"
"Phoenetia Browne";"P. Browne";"169963";"1994-04-22";"Reial Club Deportiu Espanyol";"4041";"74.41";"14";"0";"28.21";"29.24";"0.76";"0.97";"null";"null";"2.0";"3.1";"9169.9";"101.89";"1136.81";"433.85";"42.59";"131.92";"7.43";"565.77";"50.02";"96.24";"5.18";"79.74";"10.89";"3.02";"0.26";"23.67"
"Alice Marques";"A. Marques";"185157";"2005-05-04";"Sevilla FC, Women";"2013";"99.91";"10";"0";"25.84";"26.68";"0.76";"null";"null";"null";"2.17";"3.27";"8726.32";"96.96";"977.61";"298.63";"25.22";"47.57";"2.52";"346.2";"27.75";"86.03";"3.33";"75.94";"5.22";"1.62";"0.27";"14.59"
"Sara Ortega Ruiz";"Sara Ortega";"185176";"2005-02-20";"Athletic Club de Bilbao, Women";"2010";"93.91";"22";"0";"26.67";"27.82";"0.73";"0.78";"1.62";"null";"1.85";"2.66";"9635.49";"107.06";"1380.8";"540.67";"47.62";"80.29";"5.66";"620.96";"53.28";"114.62";"3.96";"94.23";"12.85";"2.83";"0.35";"33.72"
"Marina Artero Moreno";"Marina Artero";"185177";"2005-10-14";"Real Club Deportivo de La Coruña";"4039";"80.46";"8";"0";"23.71";"24.12";"null";"null";"null";"null";"2.47";"3.2";"8484.94";"94.28";"906.76";"224.0";"17.34";"12.58";"0.56";"236.58";"17.9";"89.35";"1.54";"73.69";"4.47";"0.14";"0.0";"11.47"
"Marina Rivas Jaén";"Marina Rivas";"185179";"2005-07-02";"Madrid CF, Women";"2011";"72.58";"13";"0";"24.1";"25.34";"null";"null";"null";"null";"2.13";"3.08";"9370.57";"104.12";"1030.63";"200.88";"18.41";"15.17";"1.05";"216.05";"19.46";"96.15";"1.05";"86.7";"4.1";"0.0";"0.0";"17.46"
"Sandra Villafañe Serrada";"Sandra Villafañe";"185181";"2005-09-18";"Madrid CF, Women";"2011";"102.32";"23";"0";"27.32";"28.76";"0.69";"0.93";"2.04";"2.04";"2.09";"2.9";"8734.1";"97.05";"935.9";"303.85";"28.68";"70.02";"4.63";"373.87";"33.31";"97.94";"2.29";"79.59";"6.23";"1.26";"0.11";"17.21"
"Victoria López Serrano Felix";"Vicky López";"185182";"2006-07-26";"FC Barcelona, Women";"1995";"84.03";"13";"0";"25.63";"27.14";"0.78";"0.94";"null";"null";"1.99";"2.95";"10003.91";"111.15";"1392.47";"386.8";"34.19";"42.59";"2.64";"429.39";"36.83";"106.44";"3.62";"92.11";"9.23";"1.98";"0.16";"24.96"
"Adriana Ranera Casanovas";"Adriana Ranera";"185183";"2005-07-07";"FC Barcelona, Women";"1995";"101.1";"3";"0";"27.3";"27.3";"null";"null";"null";"null";"null";"null";"9010.09";"100.11";"889.32";"316.32";"29.38";"68.55";"5.34";"384.87";"34.72";"90.21";"1.78";"82.79";"4.45";"0.59";"0.0";"16.32"
"Jone Amezaga Martinez";"Jone Amezaga";"185185";"2005-01-02";"Athletic Club de Bilbao, Women";"2010";"81.35";"7";"0";"28.11";"29.04";"0.8";"0.98";"null";"null";"2.32";"2.89";"9208.69";"102.32";"1092.96";"453.15";"43.31";"152.21";"9.01";"605.36";"52.32";"99.58";"4.74";"82.19";"9.48";"3.79";"0.79";"23.87"
"Olaya Enrique Rodriguez";"Olaya Rodriguez";"185190";"2005-05-10";"Real Club Deportivo de La Coruña";"4039";"95.14";"20";"0";"24.93";"26.12";"0.93";"0.99";"null";"null";"2.0";"2.82";"10035.11";"111.5";"1364.75";"316.48";"25.4";"22.89";"1.56";"339.38";"26.96";"101.03";"1.75";"87.36";"6.05";"0.71";"0.0";"21.52"
"Yolanda Sierra ";"Yolanda Sierra";"185191";"2005-01-17";"Granada CF, Women";"4071";"99.4";"5";"0";"24.76";"24.76";"null";"null";"null";"null";"null";"null";"8549.71";"95.0";"948.14";"200.82";"17.56";"16.3";"1.45";"217.12";"19.01";"92.89";"2.17";"74.24";"5.43";"0.72";"0.36";"11.05"
"Lotte Jasmijn Keukelaar";"L. Keukelaar";"185192";"2005-09-25";"Real Madrid, Women";"2016";"73.07";"4";"0";"28.18";"28.18";"0.81";"null";"null";"null";"2.28";"null";"9247.77";"102.75";"1184.88";"497.29";"48.65";"111.78";"7.39";"609.07";"56.04";"107.77";"5.54";"86.22";"15.4";"3.7";"0.31";"28.33"
"Julia Bartel Holgado";"Julia Bartel";"185243";"2004-05-18";"Atlético Madrid, Women";"2000";"82.92";"15";"0";"23.96";"25.5";"0.88";"null";"null";"null";"2.11";"2.91";"9863.88";"109.6";"1440.54";"308.4";"24.53";"20.41";"0.87";"328.8";"25.4";"105.28";"2.1";"94.57";"4.41";"1.01";"0.0";"19.97"
"Maite Zubieta Aranbarri";"Maite Zubieta";"185244";"2004-05-28";"Athletic Club de Bilbao, Women";"2010";"87.24";"17";"0";"23.98";"25.52";"null";"null";"null";"null";"2.14";"3.14";"9619.56";"106.88";"1057.42";"211.86";"17.54";"13.78";"0.85";"225.64";"18.39";"80.53";"1.4";"74.16";"2.67";"0.36";"0.0";"14.38"
"Amaia Martínez De la Peña";"Amaia Martinez";"185246";"2004-06-29";"Reial Club Deportiu Espanyol";"4041";"97.94";"11";"0";"26.67";"27.26";"0.76";"0.92";"null";"null";"1.91";"3.15";"9206.48";"102.29";"1081.75";"370.41";"30.58";"66.75";"4.01";"437.16";"34.59";"102.17";"3.34";"86.05";"8.1";"1.25";"0.25";"21.3"
"Ariadna Mingueza García";"Ari Mingueza";"185247";"2003-03-22";"Granada CF, Women";"4071";"92.08";"14";"0";"24.55";"26.04";"0.67";"0.75";"null";"null";"2.4";"3.22";"8871.12";"98.57";"922.06";"182.43";"14.03";"18.08";"0.7";"200.51";"14.73";"86.36";"2.16";"76.1";"3.77";"0.49";"0.07";"11.17"
"Clara Pinedo Castresana";"Clara Pinedo";"185248";"2003-09-09";"Athletic Club de Bilbao, Women";"2010";"81.31";"13";"0";"26.02";"27.18";"0.86";"1.16";"null";"null";"2.12";"3.03";"10125.67";"112.51";"1343.98";"385.7";"35.33";"47.77";"3.49";"433.46";"38.83";"111.11";"2.21";"92.72";"7.32";"0.94";"0.17";"29.97"
"Ane Elexpuru Añorga";"Ane Elexpuru";"185250";"2003-05-02";"Athletic Club de Bilbao, Women";"2010";"99.62";"20";"0";"27.89";"29.22";"0.69";"0.8";"1.53";"1.66";"2.2";"3.0";"9174.02";"101.93";"1097.46";"438.99";"39.53";"126.21";"7.18";"565.2";"46.71";"97.98";"4.43";"88.04";"10.07";"2.62";"0.63";"21.46"
"Lucía Moral Ruiz";"Lucía Moral";"185251";"2004-02-11";"Sevilla FC, Women";"2013";"77.56";"8";"0";"24.94";"25.4";"0.85";"0.86";"null";"null";"2.19";"2.84";"9644.63";"107.16";"1577.19";"550.92";"44.68";"44.97";"3.48";"595.89";"48.16";"115.46";"5.51";"91.53";"11.75";"0.87";"0.15";"32.06"
"Fiamma Benítez Iannuzzi";"Fiamma Iannuzzi";"188219";"2004-06-19";"Atlético Madrid, Women";"2000";"89.42";"24";"0";"24.68";"26.5";"0.75";"null";"null";"null";"1.97";"2.87";"9607.83";"106.75";"1398.42";"350.72";"27.89";"36.07";"1.64";"386.78";"29.52";"94.11";"2.05";"82.87";"4.57";"0.59";"0.0";"20.63"
"Luany Vitória da Silva Rosa";"Luany";"188656";"2003-02-03";"Atlético Madrid, Women";"2000";"89.78";"19";"0";"28.67";"30.0";"0.75";"0.85";"1.46";"1.93";"1.75";"2.45";"9729.09";"108.1";"1391.13";"606.08";"54.56";"190.31";"10.13";"796.39";"64.69";"105.21";"5.96";"87.53";"17.09";"3.9";"1.42";"27.96"
"Chinyere Mercy Kalu";"C. Kalu";"191946";"2005-10-23";"Levante UD, Women";"2003";"69.57";"1";"0";"23.3";"23.3";"null";"null";"null";"null";"null";"null";"8664.06";"96.27";"1015.57";"146.19";"14.23";"1.29";"0.0";"147.48";"14.23";"108.67";"1.29";"94.44";"6.47";"0.0";"0.0";"19.41"
"Sakina Ouzraoui Diki";"S. Ouzraoui Diki";"407291";"2001-08-29";"UDG Tenerife, Women";"1996";"82.31";"17";"0";"27.04";"28.16";"0.66";"0.77";"1.9";"null";"2.08";"2.83";"9140.91";"101.57";"1062.65";"501.57";"44.25";"107.09";"6.43";"608.67";"50.68";"96.1";"4.37";"78.66";"10.16";"2.57";"0.84";"24.57"
"Malou Marcetto Rylov";"M. Marcetto";"661012";"2003-04-16";"Madrid CF, Women";"2011";"93.66";"15";"0";"25.61";"27.16";"0.95";"1.02";"null";"null";"2.05";"2.81";"9883.88";"109.82";"1450.51";"442.08";"37.6";"54.07";"3.72";"496.14";"41.32";"106.34";"2.37";"90.45";"7.11";"0.7";"0.06";"27.93"
"Maëlle Lakrar";"M. Lakrar";"662317";"2000-05-27";"Real Madrid, Women";"2016";"97.0";"10";"0";"27.01";"27.88";"0.9";"null";"null";"null";"2.26";"3.24";"8486.32";"94.29";"935.12";"277.72";"25.15";"59.94";"3.62";"337.66";"28.76";"96.13";"2.69";"80.08";"5.75";"1.3";"0.19";"11.23"
"Flavine Mawete Musolo";"F. Mawete";"667230";"2000-12-11";"DUX Logroño";"5155";"79.32";"15";"0";"27.37";"28.44";"0.79";"0.94";"1.98";"1.98";"2.24";"3.02";"8918.23";"99.09";"999.82";"469.54";"45.46";"129.35";"7.87";"598.89";"53.33";"94.63";"4.84";"79.96";"12.94";"2.27";"0.53";"20.65"
"Kamilla Melgård";"K. Melgård";"667252";"2005-12-16";"Madrid CF, Women";"2011";"96.13";"23";"0";"27.33";"28.64";"0.67";"0.8";"1.66";"1.69";"1.95";"2.67";"9829.14";"109.21";"1426.49";"599.86";"51.41";"133.97";"8.34";"733.82";"59.76";"111.98";"4.76";"95.7";"13.51";"2.81";"0.53";"29.96"
"Bella Andersson";"B. Andersson";"751442";"2006-07-12";"Real Madrid, Women";"2016";"97.5";"13";"0";"25.78";"27.22";"0.91";"null";"null";"null";"2.51";"3.16";"8837.11";"98.19";"780.0";"199.88";"18.96";"32.45";"2.13";"232.33";"21.09";"80.02";"1.7";"65.96";"2.41";"0.78";"0.07";"11.5"
"Paula Comendador Prado";"Paula Comendador";"798964";"2007-01-12";"Real Madrid, Women";"2016";"67.2";"7";"0";"25.87";"26.48";"0.87";"null";"null";"null";"2.39";"2.99";"9516.68";"105.74";"1031.32";"340.97";"31.57";"44.58";"3.06";"385.55";"34.63";"99.88";"4.21";"88.02";"9.18";"1.91";"0.96";"23.73"
"María Luisa García Antolín";"Marisa Garcia";"798965";"2006-06-22";"Real Club Deportivo de La Coruña";"4039";"84.39";"10";"0";"25.41";"26.2";"0.9";"null";"null";"null";"2.14";"2.84";"9175.45";"101.95";"1140.24";"433.44";"37.12";"53.33";"3.63";"486.77";"40.74";"100.68";"4.69";"88.74";"9.28";"2.13";"0.0";"25.7"
"Rebeca Costa da Silva";"Rebeca";"807401";"2005-09-01";"DUX Logroño";"5155";"96.47";"19";"0";"26.09";"27.56";"0.61";"0.92";"null";"null";"2.27";"3.28";"8902.77";"98.92";"1046.99";"261.04";"23.62";"36.09";"2.46";"297.13";"26.07";"96.83";"2.16";"80.19";"5.06";"0.98";"0.1";"13.5"
"Elsa Maria Gomez Alvarado";"E. Gomez";"807467";"2006-03-19";"Alhama CF";"5154";"91.61";"2";"0";"25.95";"25.95";"null";"null";"null";"null";"null";"null";"9001.64";"100.02";"1115.56";"531.99";"39.79";"108.07";"4.91";"640.06";"44.7";"106.6";"4.42";"87.93";"10.32";"0.98";"0.98";"17.68"
"Alba Cerrato Izquierdo";"Alba Cerrato";"807470";"2007-01-01";"Sevilla FC, Women";"2013";"78.84";"4";"0";"26.7";"26.7";"null";"null";"null";"null";"2.27";"2.89";"9447.5";"104.97";"1282.0";"589.92";"47.66";"136.13";"7.13";"726.05";"54.8";"112.73";"4.85";"92.75";"14.84";"2.28";"0.0";"36.25"
"Elena Vázquez Brandon";"Elena Vázquez";"807472";"2007-10-08";"Real Club Deportivo de La Coruña";"4039";"93.38";"10";"0";"25.25";"26.16";"1.09";"null";"null";"null";"2.52";"null";"8604.11";"95.6";"873.19";"241.33";"18.79";"26.31";"2.02";"267.64";"20.82";"92.43";"2.12";"79.71";"3.76";"0.58";"0.39";"8.67"
"Silvia Cristóbal Fernández";"S. Cristobal";"807482";"2008-05-01";"Real Madrid, Women";"2016";"78.3";"5";"0";"26.58";"26.58";"0.77";"null";"null";"null";"2.24";"2.99";"9420.69";"104.67";"1091.95";"300.0";"31.26";"54.25";"3.91";"354.25";"35.17";"91.26";"3.91";"80.92";"9.2";"2.3";"0.46";"23.91"
"Rosalía Domínguez Navarro";"Rosalía Dominguez";"807483";"2008-10-11";"FC Barcelona, Women";"1995";"67.58";"1";"0";"26.9";"26.9";"null";"null";"null";"null";"null";"null";"10325.92";"114.73";"1676.6";"528.68";"45.28";"85.23";"5.33";"613.91";"50.6";"138.5";"4.0";"114.53";"7.99";"1.33";"0.0";"59.93"
"Emma Moreno Torres";"E. Moreno";"807484";"2007-05-02";"SD Eibar, Women";"2024";"76.11";"15";"0";"26.79";"27.86";"0.73";"0.86";"null";"null";"2.0";"2.72";"9525.62";"105.84";"1342.73";"486.7";"43.28";"80.25";"5.68";"566.95";"48.95";"110.52";"3.71";"88.29";"12.06";"1.97";"0.0";"32.64"
"Aiara Aguirrezabala Azkue";"A. Aguirrezabala";"807487";"2008-10-02";"Real Sociedad, Women";"2001";"93.78";"16";"0";"27.59";"28.54";"0.72";"0.82";"1.7";"null";"2.05";"2.83";"9576.32";"106.4";"1328.89";"592.41";"51.46";"150.13";"8.64";"742.54";"60.1";"105.2";"5.22";"93.69";"15.23";"2.88";"0.54";"25.49"
"Clara Serrajordi Diaz";"C. Serrajordi";"807489";"2007-12-07";"FC Barcelona, Women";"1995";"75.11";"17";"0";"24.98";"26.84";"0.77";"0.79";"null";"null";"2.12";"2.97";"10602.65";"117.81";"1555.81";"322.52";"28.69";"33.06";"3.17";"355.58";"31.86";"105.23";"2.47";"91.98";"5.0";"1.06";"0.07";"20.51"
"Mia Asenjo";"M. Asenjo";"811253";"2003-03-07";"DUX Logroño";"5155";"78.02";"16";"0";"26.82";"28.18";"0.7";"0.84";"null";"null";"1.99";"2.79";"9651.83";"107.24";"1298.56";"516.48";"46.43";"83.56";"5.41";"600.04";"51.84";"99.99";"5.33";"83.41";"11.25";"3.68";"0.14";"28.69"
"Érika González Lombídez";"Érika Gonzalez";"811780";"2004-08-31";"Levante UD, Women";"2003";"94.77";"13";"0";"25.57";"26.66";"0.76";"null";"null";"null";"2.19";"2.97";"9728.9";"108.1";"1400.21";"424.88";"32.36";"49.31";"3.43";"474.19";"35.8";"91.1";"2.26";"77.51";"6.21";"0.66";"0.07";"20.89"
"Mariana Díaz Leal Arrillaga";"M. Díaz Leal";"812657";"1990-05-29";"Alhama CF";"5154";"64.97";"4";"0";"25.57";"25.57";"0.89";"null";"null";"null";"2.69";"null";"9613.12";"106.81";"1221.51";"530.23";"46.06";"113.25";"5.89";"643.48";"51.95";"112.9";"7.62";"93.16";"11.43";"5.89";"1.39";"28.75"
"Sydney Joy Schertenleib";"S. Schertenleib";"814051";"2007-01-30";"FC Barcelona, Women";"1995";"80.55";"17";"0";"26.1";"28.02";"0.76";"0.87";"null";"null";"2.15";"2.89";"9650.7";"107.23";"1124.0";"365.9";"34.97";"57.71";"4.4";"423.61";"39.37";"97.93";"2.96";"83.41";"6.05";"1.58";"0.2";"23.0"
"Comfort Yeboah";"C. Yeboah";"815302";"2006-12-17";"DUX Logroño";"5155";"75.92";"3";"0";"27.53";"27.53";"null";"null";"null";"null";"2.53";"2.92";"9373.04";"104.14";"1127.03";"513.33";"45.05";"103.14";"6.72";"616.47";"51.77";"91.68";"3.16";"83.38";"8.69";"0.79";"0.0";"26.08"
"Eden Le Guilly";"E. Le Guilly";"816310";"2005-11-25";"Levante UD, Women";"2003";"89.57";"6";"0";"24.33";"24.78";"null";"null";"null";"null";"2.48";"3.08";"8661.84";"96.24";"892.41";"282.68";"23.44";"25.96";"2.18";"308.63";"25.62";"102.32";"3.68";"87.25";"8.04";"1.0";"0.0";"17.08"
"Naolia Traore";"N. Traore";"818313";"2006-01-22";"Levante UD, Women";"2003";"50.98";"2";"0";"24.55";"24.55";"null";"null";"null";"null";"null";"null";"9610.89";"106.79";"1250.02";"285.14";"29.13";"31.78";"2.65";"316.92";"31.78";"105.93";"1.77";"92.69";"4.41";"0.88";"0.0";"19.42"
"Linnéa Solvoll Laupstad";"L. Laupstad";"818377";"2003-07-10";"Granada CF, Women";"4071";"54.68";"3";"0";"25.9";"25.9";"null";"null";"null";"null";"2.43";"null";"10308.94";"114.54";"1574.68";"556.35";"44.99";"64.19";"4.39";"620.54";"49.38";"121.26";"3.84";"98.21";"7.68";"1.65";"0.0";"42.8"
"Milagros Iara Martín";"M. Martín";"833011";"2007-04-26";"DUX Logroño";"5155";"82.7";"9";"0";"26.12";"27.14";"0.95";"null";"null";"null";"2.84";"null";"8271.16";"91.9";"796.15";"283.8";"26.72";"69.17";"3.51";"352.97";"30.23";"82.95";"3.14";"73.16";"6.17";"0.73";"0.24";"11.85"
"Margarita Gimenez Caneva";"M. Gimenez";"833023";"2004-11-01";"DUX Logroño";"5155";"51.68";"1";"0";"22.6";"22.6";"null";"null";"null";"null";"null";"null";"9387.75";"104.31";"1164.98";"207.22";"24.38";"0.0";"0.0";"207.22";"24.38";"87.07";"1.74";"80.1";"1.74";"0.0";"0.0";"36.57"
"Barbara López Gorrado";"Barbara López";"836442";"2005-08-30";"Madrid CF, Women";"2011";"60.24";"2";"0";"26.65";"26.65";"null";"null";"null";"null";"null";"null";"9952.16";"110.58";"1220.58";"666.32";"53.78";"121.76";"8.96";"788.08";"62.75";"89.64";"4.48";"78.43";"8.22";"4.48";"0.0";"43.33"
"Daniela  Agote Aguirre";"Daniela Agote";"836443";"2006-08-27";"Athletic Club de Bilbao, Women";"2010";"86.93";"17";"0";"25.68";"26.86";"0.66";"0.71";"null";"null";"2.06";"2.78";"10179.39";"113.1";"1354.31";"425.71";"37.58";"48.24";"3.84";"473.95";"41.41";"100.19";"2.92";"83.8";"5.91";"1.52";"0.24";"33.5"
"Noemi Bejarano Beltrán";"Noemi Bejarano";"836444";"2006-06-27";"Real Madrid, Women";"2016";"57.22";"1";"0";"27.3";"27.3";"null";"null";"null";"null";"null";"null";"9077.6";"100.86";"802.21";"185.61";"28.31";"36.18";"3.15";"221.79";"31.46";"97.52";"7.86";"94.38";"12.58";"3.15";"3.15";"17.3"
"Aicha Camara";"Aicha Camara";"836445";"2006-12-11";"FC Barcelona, Women";"1995";"81.15";"16";"0";"27.89";"29.4";"0.74";"0.82";"1.81";"1.93";"2.06";"2.89";"9377.41";"104.19";"1134.03";"458.25";"40.34";"106.54";"7.07";"564.79";"47.41";"102.66";"4.57";"90.32";"10.4";"3.12";"0.55";"21.28"
"IntzaIntza Eguiguren Beraza";"Intza Eguiguren";"836448";"2005-12-29";"Real Sociedad, Women";"2001";"75.89";"13";"0";"25.9";"26.42";"null";"null";"null";"null";"2.22";"2.8";"9998.1";"111.09";"1501.8";"555.13";"44.15";"69.97";"4.65";"625.1";"48.81";"110.75";"3.47";"99.26";"9.31";"0.36";"0.0";"31.29"
"Paula Rubio Peñalver";"Paula Rubio";"836449";"2005-08-28";"DUX Logroño";"5155";"75.45";"2";"0";"23.85";"23.85";"null";"null";"null";"null";"null";"null";"9991.85";"111.02";"1501.79";"314.91";"28.63";"10.14";"1.19";"325.05";"29.82";"100.8";"0.6";"82.9";"4.77";"0.6";"0.0";"24.45"
"Bibiane Schulze-Solano";"Bibiane Schulze";"839825";"1998-11-12";"Athletic Club de Bilbao, Women";"2010";"98.6";"8";"0";"25.36";"26.2";"1.02";"null";"null";"null";"2.66";"null";"8678.73";"96.43";"925.71";"230.37";"20.08";"18.37";"1.26";"248.74";"21.34";"95.39";"2.17";"81.81";"5.13";"1.03";"0.0";"14.95"
"Dona Scannapieco";"D. Scannapieco";"907615";"2004-06-06";"DUX Logroño";"5155";"61.21";"2";"0";"24.1";"24.1";"null";"null";"null";"null";"null";"null";"9599.43";"106.66";"1427.01";"327.9";"30.14";"11.76";"2.21";"339.66";"32.35";"92.63";"2.94";"77.2";"4.41";"0.74";"0.0";"21.32"
"Nahia Aparicio Jaular";"Nahia Aparicio";"907729";"2004-01-07";"Real Sociedad, Women";"2001";"100.46";"13";"0";"26.25";"27.4";"0.88";"0.92";"null";"null";"2.11";"2.91";"9107.81";"101.2";"1012.7";"332.86";"27.5";"55.55";"3.45";"388.4";"30.94";"93.38";"2.55";"79.11";"4.2";"1.24";"0.34";"15.44"
"Carlota  Suárez";"Carlota Suárez";"921512";"1997-07-19";"UDG Tenerife, Women";"1996";"75.92";"11";"0";"26.34";"26.88";"0.79";"0.89";"null";"null";"2.18";"3.14";"9100.48";"101.12";"1199.76";"459.02";"38.91";"65.42";"3.77";"524.44";"42.68";"104.87";"6.04";"84.07";"14.44";"3.13";"0.43";"21.02"
"Celya Barclais";"C. Barclais";"948640";"2001-04-17";"FC Levante Las Planas Badalona";"4040";"94.89";"9";"0";"27.2";"27.78";"0.8";"null";"null";"null";"2.46";"2.77";"8969.4";"99.66";"1000.39";"416.79";"36.46";"99.69";"6.01";"516.48";"42.47";"99.9";"3.16";"85.04";"10.43";"2.0";"0.21";"20.76"
"Eider Arana";"Eider Arana";"953263";"2002-04-11";"Athletic Club de Bilbao, Women";"2010";"100.12";"11";"0";"25.53";"26.22";"1.2";"null";"null";"null";"2.43";"3.04";"8505.67";"94.51";"857.01";"260.94";"20.35";"28.44";"1.72";"289.38";"22.06";"87.28";"2.37";"73.47";"4.82";"0.65";"0.16";"10.3"
"Carla Andrés";"Carla Andres";"953264";"2002-12-12";"SD Eibar, Women";"2024";"98.87";"22";"0";"25.6";"27.34";"0.74";"1.2";"null";"null";"2.08";"2.96";"8594.22";"95.49";"946.4";"277.19";"23.46";"38.23";"2.73";"315.42";"26.19";"91.78";"2.15";"75.1";"5.42";"0.58";"0.08";"15.31"
"Estefanía Simona Botero Granda";"E. Botero";"953265";"1995-03-14";"Reial Club Deportiu Espanyol";"4041";"99.3";"10";"0";"27.02";"28.08";"0.74";"0.84";"null";"null";"2.35";"2.94";"8873.86";"98.6";"977.71";"317.05";"27.74";"65.44";"3.81";"382.49";"31.54";"96.98";"2.72";"83.11";"5.98";"1.45";"0.45";"15.32"
"Carolina Marín de la Fuente";"Carol Marín";"953268";"1996-11-27";"Levante UD, Women";"2003";"90.0";"17";"0";"23.46";"24.64";"null";"null";"null";"null";"2.26";"2.95";"9688.81";"107.65";"1425.94";"236.75";"17.88";"12.35";"0.94";"249.11";"18.82";"114.82";"1.35";"102.23";"6.35";"0.12";"0.0";"14.71"
"Ángeles  del Álamo Sánchez";"Ángeles del Álamo";"953269";"1998-06-23";"Reial Club Deportiu Espanyol";"4041";"71.92";"5";"0";"26.46";"26.46";"0.85";"null";"null";"null";"2.42";"null";"10394.82";"115.5";"1538.14";"630.17";"49.3";"100.86";"5.01";"731.03";"54.31";"113.62";"4.76";"92.6";"13.26";"2.25";"0.0";"32.03"
"Laia Balleste Sciora";"Laia Balleste";"953270";"1999-02-22";"Reial Club Deportiu Espanyol";"4041";"91.08";"11";"0";"25.73";"26.36";"0.85";"null";"null";"null";"2.33";"null";"8894.57";"98.83";"921.45";"308.02";"24.34";"31.71";"2.34";"339.73";"26.68";"85.61";"2.25";"75.19";"3.77";"0.72";"0.18";"13.38"
"Mar Torrás de Fortuny";"Mar Torrás";"953271";"1996-04-06";"Reial Club Deportiu Espanyol";"4041";"84.39";"8";"0";"24.01";"24.64";"null";"null";"null";"null";"2.4";"3.03";"10195.16";"113.28";"1457.52";"250.63";"20.13";"12.93";"0.67";"263.56";"20.8";"109.18";"1.6";"91.72";"6.53";"0.27";"0.0";"22.93"
"Júlia Guerra Peiró";"Júlia Guerra";"953272";"2002-01-23";"Reial Club Deportiu Espanyol";"4041";"92.21";"8";"0";"25.93";"26.58";"0.96";"null";"null";"null";"2.27";"3.03";"9388.26";"104.31";"1129.41";"336.25";"26.48";"43.68";"2.44";"379.93";"28.92";"92.85";"2.32";"76.86";"5.12";"0.85";"0.0";"19.28"
"Iara Lacosta Sánchez";"Iara Lacosta";"953273";"2001-11-08";"SD Eibar, Women";"2024";"73.29";"10";"0";"26.65";"27.5";"0.71";"0.8";"2.39";"null";"2.14";"2.82";"10178.03";"113.09";"1418.55";"505.19";"45.31";"86.82";"6.75";"592.0";"52.07";"111.01";"3.56";"94.06";"12.65";"2.09";"0.37";"28.86"
"Lucia Vallejo Blazquez";"Lucia Vallejo";"953274";"2003-07-10";"Reial Club Deportiu Espanyol";"4041";"100.22";"19";"0";"26.19";"27.02";"0.79";"0.82";"null";"null";"2.41";"3.13";"9265.75";"102.95";"1102.44";"373.34";"30.3";"80.11";"3.83";"453.45";"34.12";"101.29";"3.69";"86.97";"8.08";"1.28";"0.05";"17.49"
"Judit Pablos Garrido";"Judit Pablos";"953275";"1997-12-07";"Reial Club Deportiu Espanyol";"4041";"65.53";"1";"0";"27.2";"27.2";"null";"null";"null";"null";"null";"null";"10077.62";"111.97";"1468.11";"694.91";"53.56";"162.05";"12.36";"856.97";"65.92";"90.64";"2.75";"85.15";"6.87";"2.75";"0.0";"19.23"
"María Gabaldón Romero";"María Gabaldón";"953279";"2004-12-02";"Levante UD, Women";"2003";"92.6";"16";"0";"27.21";"28.74";"0.77";"0.77";"1.7";"null";"2.32";"2.91";"9226.51";"102.52";"1117.58";"426.57";"36.63";"100.23";"5.83";"526.81";"42.46";"104.12";"5.04";"88.51";"12.94";"2.73";"0.55";"20.78"
"Débora  García Mateo";"Débora García";"953282";"1989-10-17";"Sevilla FC, Women";"2013";"88.0";"18";"0";"26.3";"27.66";"0.74";"0.9";"null";"null";"2.1";"2.8";"8661.51";"96.24";"984.33";"359.61";"27.67";"75.11";"3.07";"434.72";"30.74";"87.61";"3.86";"78.81";"7.27";"1.36";"0.23";"16.93"
"Alicia Redondo González";"Alicia Redondo";"953284";"2001-11-02";"Sevilla FC, Women";"2013";"83.85";"16";"0";"24.66";"26.08";"0.71";"1.25";"null";"null";"2.28";"2.87";"9644.68";"107.16";"1470.95";"299.4";"24.42";"19.45";"1.21";"318.85";"25.63";"106.13";"1.81";"96.0";"6.31";"0.6";"0.0";"18.45"
"Eva Llamas Hernández";"Eva Llamas";"953285";"1992-05-29";"Sevilla FC, Women";"2013";"102.43";"15";"0";"26.03";"27.22";"0.87";"0.93";"null";"null";"2.14";"3.2";"8529.7";"94.77";"866.55";"262.53";"23.08";"35.85";"2.17";"298.38";"25.25";"91.08";"2.64";"78.78";"5.74";"0.82";"0.12";"15.11"
"Fatoumata Kanteh Cham";"Fatou Kanteh";"953286";"1997-07-02";"Sevilla FC, Women";"2013";"87.11";"18";"0";"28.26";"29.56";"0.78";"0.82";"1.5";"1.5";"2.05";"2.87";"9016.76";"100.19";"1091.61";"494.4";"45.35";"157.97";"7.86";"652.37";"53.21";"96.38";"5.45";"78.18";"10.79";"4.08";"0.63";"21.64"
"Raquel Morcillo Aparicio";"Raquel Morcillo";"953288";"1999-04-08";"Sevilla FC, Women";"2013";"94.6";"16";"0";"25.99";"26.8";"0.77";"0.84";"1.62";"null";"2.0";"2.69";"9365.97";"104.07";"1136.19";"396.19";"34.84";"61.54";"4.1";"457.73";"38.95";"95.44";"3.69";"80.04";"8.68";"1.66";"0.3";"24.74"
"Alba Lopez Pérez";"Alba Lopez";"953289";"2004-11-11";"Sevilla FC, Women";"2013";"77.66";"3";"0";"26.43";"26.43";"0.91";"null";"null";"null";"2.95";"null";"8918.61";"99.1";"912.49";"387.09";"35.93";"73.79";"3.86";"460.88";"39.79";"94.26";"4.25";"84.99";"11.98";"3.86";"0.0";"23.57"
"Millaray Scarleth Cortés Espinoza";"Millaray Cortés";"953290";"2004-06-30";"Sevilla FC, Women";"2013";"84.88";"10";"0";"24.22";"24.96";"1.1";"null";"null";"null";"2.28";"2.99";"8820.35";"98.0";"1031.76";"221.92";"20.57";"16.43";"0.95";"238.35";"21.52";"99.14";"2.33";"87.47";"7.53";"0.95";"0.0";"22.16"
"Lucia Pardo Méndez";"Lucía Pardo";"953291";"2000-01-05";"Real Sociedad, Women";"2001";"71.3";"12";"0";"26.23";"27.04";"0.84";"null";"null";"null";"1.97";"2.85";"10222.9";"113.59";"1528.28";"599.3";"49.34";"82.58";"5.79";"681.88";"55.12";"101.2";"4.1";"86.79";"10.73";"1.37";"0.0";"31.87"
"Violeta García Quiles";"Violeta Quiles";"953292";"1999-12-10";"UDG Tenerife, Women";"1996";"88.11";"6";"0";"27.17";"27.6";"0.75";"0.81";"2.03";"null";"2.08";"2.78";"9622.04";"106.91";"1296.46";"456.78";"37.11";"87.85";"5.28";"544.63";"42.39";"107.94";"3.92";"87.17";"9.19";"2.55";"0.68";"24.52"
"Eva Alonso González";"Eva Alonso";"953295";"2002-07-23";"Levante UD, Women";"2003";"99.93";"17";"0";"25.19";"26.64";"0.85";"null";"null";"null";"2.31";"3.12";"8702.18";"96.69";"925.82";"256.72";"19.87";"32.16";"1.8";"288.88";"21.67";"89.48";"2.12";"74.22";"5.19";"0.69";"0.0";"13.51"
"María  Molina Molero";"María Molina";"953296";"2000-05-09";"Real Sociedad, Women";"2001";"93.46";"4";"0";"25.32";"25.32";"null";"null";"null";"null";"2.86";"null";"9071.5";"100.79";"1045.29";"252.29";"19.98";"38.04";"1.69";"290.33";"21.67";"93.89";"2.89";"78.24";"5.3";"1.44";"0.0";"10.83"
"Raiderlin Nazareth Carrasco Vargas";"R. Carrasco";"953299";"2002-06-11";"Levante UD, Women";"2003";"88.62";"12";"0";"26.52";"27.48";"0.73";"0.84";"1.63";"null";"2.16";"2.73";"9575.77";"106.4";"1231.85";"426.05";"38.0";"97.33";"5.5";"523.38";"43.5";"105.88";"3.98";"85.9";"11.59";"2.2";"0.68";"24.71"
"Blanca Muñoz";"Blanca Muñoz";"953305";"2005-04-01";"Granada CF, Women";"4071";"88.48";"8";"0";"28.8";"29.6";"0.79";"0.91";"1.47";"null";"2.29";"3.15";"9907.54";"110.08";"1285.85";"517.11";"43.1";"154.23";"7.5";"671.34";"50.61";"99.94";"5.21";"83.03";"10.93";"3.31";"0.64";"27.08"
"Yerliane Glamar Moreno Hernández";"Y. Moreno";"953313";"2000-10-13";"UDG Tenerife, Women";"1996";"87.35";"7";"0";"24.49";"24.94";"1.01";"1.01";"null";"null";"2.25";"2.98";"9429.25";"104.77";"1101.25";"210.77";"20.9";"10.45";"0.59";"221.22";"21.49";"103.91";"1.77";"91.4";"3.53";"0.88";"0.29";"19.87"
"Cinta Del Mar Rodriguez Costa";"Cinta Rodríguez";"953314";"1999-11-07";"UDG Tenerife, Women";"1996";"92.13";"13";"0";"24.84";"26.16";"1.16";"null";"null";"null";"2.18";"null";"8030.68";"89.23";"640.84";"171.41";"15.03";"20.14";"0.75";"191.54";"15.78";"79.43";"1.65";"68.38";"3.31";"0.53";"0.0";"7.21"
"Sandra  Castelló Oliver";"Sandra Castelló";"953315";"1993-08-07";"UDG Tenerife, Women";"1996";"100.55";"7";"0";"22.64";"23.22";"null";"null";"null";"null";"2.35";"3.16";"9890.73";"109.9";"1571.12";"198.71";"16.75";"2.43";"0.64";"201.14";"17.39";"128.25";"2.81";"104.72";"6.65";"0.38";"0.0";"16.37"
"Claudia  Roldán Blanco";"Claudia Blanco";"953316";"1997-03-11";"UDG Tenerife, Women";"1996";"94.78";"12";"0";"25.18";"26.06";"0.77";"1.0";"null";"null";"2.16";"2.88";"9344.18";"103.82";"1197.85";"368.03";"29.28";"39.01";"2.22";"407.04";"31.49";"111.02";"3.48";"91.39";"12.9";"1.98";"0.0";"18.75"
"Laura Camino";"Laura Camino";"953320";"2002-04-01";"SD Eibar, Women";"2024";"97.01";"24";"0";"25.99";"27.36";"0.71";"0.99";"null";"null";"1.85";"2.78";"9252.12";"102.8";"1079.75";"362.64";"31.74";"69.2";"3.67";"431.83";"35.41";"92.58";"3.4";"79.98";"8.81";"1.16";"0.08";"19.79"
"Ana Marcos Moral";"Anita Marcos";"953323";"2000-07-09";"Madrid CF, Women";"2011";"75.65";"8";"0";"25.99";"26.5";"0.83";"null";"null";"null";"2.61";"3.1";"8500.99";"94.46";"943.7";"402.7";"35.84";"55.17";"3.57";"457.87";"39.41";"91.9";"3.72";"80.75";"6.54";"2.23";"0.3";"20.08"
"Nuria Garrote Camúñez";"Nuria Garrote";"953329";"1997-06-10";"FC Levante Las Planas Badalona";"4040";"80.56";"10";"0";"26.48";"27.64";"null";"null";"null";"null";"2.33";"2.76";"9312.17";"103.47";"1226.08";"416.7";"32.96";"83.12";"3.69";"499.82";"36.64";"100.54";"3.8";"89.48";"8.27";"0.34";"0.34";"18.88"
"Cristina Baudet Lucena";"Cristina Baudet";"953332";"1991-07-08";"Reial Club Deportiu Espanyol";"4041";"74.84";"7";"0";"24.9";"25.3";"0.98";"null";"null";"null";"2.15";"2.96";"9910.97";"110.12";"1397.2";"372.62";"29.55";"38.48";"1.89";"411.1";"31.44";"117.68";"2.23";"100.67";"8.25";"1.37";"0.0";"26.8"
"Macarena Portales Nieto";"Macarena Portales";"953334";"1998-08-02";"Atlético Madrid, Women";"2000";"71.18";"8";"0";"26.49";"27.42";"0.9";"null";"null";"null";"2.08";"2.86";"9338.29";"103.76";"1293.53";"514.95";"39.51";"93.1";"4.58";"608.04";"44.1";"98.0";"4.27";"81.08";"10.12";"1.9";"0.16";"24.02"
"Cristina Cubedo Pitarch";"Cristina Cubedo";"953335";"1999-10-21";"FC Levante Las Planas Badalona";"4040";"97.6";"16";"0";"25.78";"27.34";"0.88";"null";"null";"null";"2.59";"2.96";"8341.54";"92.68";"849.84";"270.06";"21.04";"34.29";"1.79";"304.35";"22.82";"90.08";"2.54";"74.63";"5.19";"0.81";"0.0";"10.14"
"Elena Julve Pérez";"Elena Julve";"953336";"2000-12-08";"FC Levante Las Planas Badalona";"4040";"91.45";"19";"0";"26.33";"27.84";"0.66";"0.77";"1.51";"1.66";"2.05";"2.88";"8983.36";"99.82";"1009.27";"339.46";"31.28";"67.02";"3.83";"406.48";"35.12";"93.28";"4.04";"77.38";"11.08";"2.59";"0.41";"23.31"
"Itziar Pinillos  Moreno";"Itziar Pinillos";"953337";"2000-09-21";"FC Levante Las Planas Badalona";"4040";"101.3";"22";"0";"26.62";"28.12";"0.6";"0.93";"1.58";"null";"2.08";"2.87";"9149.59";"101.66";"1216.23";"459.34";"36.02";"96.08";"4.73";"555.41";"40.75";"100.6";"3.47";"88.48";"8.2";"1.66";"0.69";"17.77"
"Paula Sánchez Tendero";"Paula Sánchez";"953340";"2000-12-25";"FC Levante Las Planas Badalona";"4040";"73.81";"11";"0";"25.35";"26.42";"0.79";"0.83";"null";"null";"2.08";"2.86";"10406.61";"115.63";"1583.44";"523.86";"38.57";"56.64";"4.21";"580.5";"42.79";"104.42";"2.11";"87.13";"7.98";"1.66";"0.33";"31.59"
"Laura Martínez González";"Laura Martínez";"953342";"1999-01-29";"Reial Club Deportiu Espanyol";"4041";"91.08";"8";"0";"25.82";"26.36";"0.99";"null";"1.83";"null";"2.23";"2.87";"9811.33";"109.01";"1527.22";"384.03";"35.08";"60.53";"3.34";"444.55";"38.42";"126.36";"3.58";"106.23";"14.21";"0.86";"0.49";"26.8"
"Irina Priscilla Uribe García";"Irina Uribe";"953343";"1998-07-29";"FC Levante Las Planas Badalona";"4040";"89.52";"14";"0";"27.39";"29.12";"0.71";"0.99";"null";"null";"1.99";"3.01";"9106.33";"101.18";"1221.01";"472.09";"41.36";"119.28";"6.32";"591.37";"47.68";"100.68";"3.81";"83.73";"9.98";"1.94";"0.07";"26.14"
"Nerea Carmona Balsera";"Nerea Carmona";"953344";"2007-01-19";"FC Levante Las Planas Badalona";"4040";"89.91";"5";"0";"25.26";"25.26";"null";"null";"null";"null";"2.45";"3.43";"8376.09";"93.07";"898.13";"279.29";"22.82";"35.04";"2.0";"314.33";"24.83";"96.7";"1.2";"77.68";"5.61";"0.2";"0.0";"15.82"
"Samara Ortiz Cruz";"S. Ortiz";"953345";"1997-07-16";"Real Club Deportivo de La Coruña";"4039";"93.4";"18";"0";"25.24";"26.44";"0.83";"0.94";"null";"null";"2.07";"2.85";"9341.62";"103.8";"1194.51";"345.3";"29.82";"45.29";"2.57";"390.59";"32.39";"104.61";"3.96";"90.85";"11.14";"1.61";"0.16";"21.31"
"Raquel García Yagüe";"Raquel García";"953346";"1997-04-22";"Real Club Deportivo de La Coruña";"4039";"95.41";"19";"0";"25.28";"26.6";"0.84";"null";"null";"null";"2.16";"2.89";"8629.53";"95.88";"996.91";"252.47";"20.85";"31.48";"1.89";"283.94";"22.74";"103.62";"2.53";"83.96";"7.15";"1.19";"0.0";"11.87"
"Paula Gutierrez";"Paola Gutierrez";"953347";"2001-03-02";"Real Club Deportivo de La Coruña";"4039";"90.62";"21";"0";"24.96";"26.14";"0.93";"null";"null";"null";"1.99";"2.76";"9979.51";"110.88";"1379.48";"353.87";"27.38";"29.61";"2.22";"383.47";"29.61";"107.5";"1.56";"91.33";"6.1";"0.66";"0.05";"23.7"
"Eva Dios Nieto";"Eva Dios";"953351";"2002-03-04";"Real Club Deportivo de La Coruña";"4039";"49.93";"1";"0";"24.8";"24.8";"null";"null";"null";"null";"null";"null";"10336.78";"114.85";"1339.19";"232.51";"28.84";"0.0";"1.8";"232.51";"30.64";"108.14";"0.0";"86.52";"3.6";"0.0";"0.0";"23.43"
"Lucía Martínez González";"Lucía Martínez";"953352";"2001-11-27";"Real Club Deportivo de La Coruña";"4039";"85.73";"16";"0";"24.59";"25.78";"0.79";"1.51";"null";"null";"2.4";"3.02";"9424.9";"104.72";"1294.79";"296.24";"25.39";"20.73";"0.98";"316.97";"26.38";"112.13";"1.77";"93.5";"6.1";"0.66";"0.07";"20.27"
"Lucía Rivas Moure";"Lucia Rivas";"953353";"2007-08-23";"Real Club Deportivo de La Coruña";"4039";"74.75";"6";"0";"26.57";"26.82";"0.78";"null";"null";"null";"2.13";"3.07";"9708.8";"107.88";"1363.29";"580.91";"49.16";"103.34";"6.62";"684.26";"55.78";"109.56";"4.41";"87.29";"12.84";"3.01";"0.0";"29.7"
"Paula  Novo";"Paula Novo";"953355";"2005-04-14";"Real Club Deportivo de La Coruña";"4039";"91.83";"12";"0";"26.34";"27.18";"0.86";"0.89";"1.82";"null";"2.09";"2.85";"9060.87";"100.68";"962.3";"314.67";"29.16";"66.48";"3.43";"381.15";"32.59";"91.22";"3.19";"82.16";"8.41";"1.31";"0.33";"21.15"
"Paula  Monteagudo";"Paula Monteagudo";"953356";"2002-05-09";"Real Club Deportivo de La Coruña";"4039";"88.35";"7";"0";"25.43";"25.8";"0.88";"1.44";"null";"null";"2.27";"2.83";"9319.35";"103.55";"1195.26";"418.41";"31.0";"38.57";"1.31";"456.97";"32.31";"101.73";"3.78";"91.39";"8.15";"1.46";"0.15";"16.88"
"Henar Muiña";"Henar Muiña";"953357";"1999-10-20";"Real Club Deportivo de La Coruña";"4039";"71.62";"8";"0";"25.39";"26.68";"0.95";"null";"null";"null";"2.43";"3.15";"9374.13";"104.16";"1120.03";"237.67";"22.15";"38.33";"0.94";"276.0";"23.09";"90.8";"1.57";"81.21";"4.56";"0.63";"0.0";"14.29"
"Millene Cabral Vieira";"Millene Cabral";"953358";"1997-11-29";"Real Club Deportivo de La Coruña";"4039";"75.4";"6";"0";"26.48";"26.74";"0.83";"null";"null";"null";"2.57";"null";"9006.43";"100.07";"944.93";"413.98";"38.99";"81.56";"4.77";"495.54";"43.76";"90.31";"3.78";"73.6";"10.74";"3.38";"0.0";"18.9"
"Ainhoa  Marín";"Ainhoa Marín";"953359";"2001-03-21";"Real Club Deportivo de La Coruña";"4039";"100.47";"23";"0";"27.34";"28.82";"0.59";"0.74";"1.49";"1.79";"1.95";"2.67";"8779.05";"97.54";"1040.47";"518.01";"47.71";"128.57";"7.98";"646.58";"55.7";"95.15";"5.57";"77.62";"16.24";"4.17";"0.93";"31.7"
"Paula Fernández Jiménez";"Paula Fernández";"953362";"1999-07-01";"Real Sociedad, Women";"2001";"96.26";"20";"0";"23.95";"25.84";"0.86";"null";"null";"null";"2.25";"3.1";"9910.55";"110.12";"1237.64";"195.18";"16.46";"11.22";"0.61";"206.4";"17.06";"94.85";"1.64";"83.45";"3.83";"0.23";"0.0";"18.51"
"Naia Landaluze Marquínez";"Naia Landaluze";"953364";"2000-09-25";"Athletic Club de Bilbao, Women";"2010";"95.61";"17";"0";"25.66";"26.8";"0.74";"null";"null";"null";"2.24";"3.14";"8647.1";"96.08";"904.0";"268.22";"22.31";"35.99";"2.21";"304.21";"24.53";"91.36";"2.27";"75.19";"5.2";"1.22";"0.17";"14.06"
"Patricia  Ojeda";"Patri Ojeda";"953365";"1991-03-08";"SD Eibar, Women";"2024";"87.8";"13";"0";"26.46";"27.44";"0.8";"null";"1.54";"null";"2.28";"3.03";"9009.72";"100.11";"1007.3";"355.53";"29.88";"78.77";"4.42";"434.3";"34.3";"98.56";"3.08";"84.61";"7.25";"1.42";"0.71";"18.14"
"Maite Valero Elía";"Maite Valero";"953367";"2003-10-05";"Athletic Club de Bilbao, Women";"2010";"87.96";"18";"0";"23.66";"24.24";"0.87";"null";"null";"null";"2.12";"2.88";"9767.02";"108.52";"1342.16";"265.58";"21.32";"11.03";"0.45";"276.61";"21.77";"107.15";"2.22";"94.93";"7.05";"0.45";"0.0";"27.74"
"Barbara Crisbelis Martinez Flores";"B. Martinez Flores";"953370";"2003-04-22";"UDG Tenerife, Women";"1996";"101.62";"3";"0";"24.5";"24.5";"null";"null";"null";"null";"null";"null";"9157.74";"101.75";"936.7";"246.5";"21.85";"8.27";"0.3";"254.77";"22.14";"100.08";"2.66";"84.14";"7.97";"0.89";"0.0";"17.42"
"Alba Ruiz Soto";"Alba Ruiz";"953607";"2001-11-11";"Madrid CF, Women";"2011";"75.26";"14";"0";"26.6";"27.32";"0.88";"0.88";"null";"null";"2.31";"2.9";"9501.27";"105.57";"1325.29";"429.49";"37.41";"85.93";"4.7";"515.42";"42.11";"104.21";"3.25";"92.0";"8.03";"1.62";"0.0";"25.54"
"Mireia  Masegur torrent";"Mireia Masegur";"953608";"2002-08-19";"SD Eibar, Women";"2024";"95.6";"20";"0";"25.26";"26.28";"0.88";"null";"null";"null";"2.12";"2.9";"8496.17";"94.4";"923.9";"232.06";"19.82";"27.72";"1.6";"259.78";"21.42";"89.15";"1.84";"72.72";"5.27";"0.71";"0.09";"12.94"
"Maitane Vilariño Mendinueta";"Maitane Vilariño";"953699";"2002-06-30";"Athletic Club de Bilbao, Women";"2010";"57.37";"3";"0";"26.57";"26.57";"0.85";"null";"null";"null";"null";"null";"10259.32";"113.99";"1512.23";"369.69";"37.13";"73.21";"5.75";"442.9";"42.88";"111.9";"3.66";"97.26";"7.32";"2.61";"0.0";"31.37"
"Leles de los Ángeles Carrión Egido";"Leles Carrión";"953700";"1997-02-22";"Granada CF, Women";"4071";"85.1";"8";"0";"25.3";"26.0";"0.82";"1.2";"null";"null";"2.34";"3.01";"9267.83";"102.98";"1156.46";"258.97";"22.87";"29.35";"1.85";"288.32";"24.72";"90.56";"2.38";"81.43";"6.61";"1.72";"0.0";"18.11"
"Alba Pérez Manrique";"Alba Perez";"953701";"2000-06-18";"Granada CF, Women";"4071";"100.94";"17";"0";"26.12";"27.78";"0.64";"0.84";"null";"null";"2.25";"3.27";"8551.7";"95.02";"899.16";"264.77";"21.4";"49.51";"1.94";"314.28";"23.34";"82.77";"2.2";"68.45";"4.41";"1.36";"0.05";"11.96"
"Cristina Postigo Martín";"Cristina Postigo";"953703";"1998-04-27";"Granada CF, Women";"4071";"94.61";"11";"0";"25.65";"26.4";"0.77";"null";"null";"null";"2.29";"3.17";"9111.68";"101.24";"1047.57";"343.68";"26.98";"46.1";"2.34";"389.78";"29.32";"92.88";"3.89";"84.32";"7.96";"1.04";"0.17";"14.62"
"Alexia Fernández Díaz";"Alexia Fernández";"953705";"2002-05-28";"Atlético Madrid, Women";"2000";"86.45";"19";"0";"27.86";"29.14";"0.7";"0.72";"1.78";"null";"2.2";"2.6";"9000.04";"100.0";"1087.54";"499.44";"44.27";"165.64";"8.38";"665.08";"52.66";"98.85";"4.93";"83.4";"11.12";"3.29";"0.77";"19.62"
"Laura Maria Pérez Martin";"Laura Pérez";"953707";"1998-06-15";"Granada CF, Women";"4071";"90.15";"17";"0";"27.34";"28.48";"0.63";"0.65";"1.45";"null";"1.83";"2.85";"9648.97";"107.21";"1337.65";"608.61";"50.5";"143.46";"8.1";"752.07";"58.61";"105.58";"6.17";"86.56";"16.44";"3.82";"0.7";"29.83"
"Laura Requena Sánchez";"Lauri Requena";"953708";"1990-05-25";"Granada CF, Women";"4071";"99.42";"17";"0";"26.23";"27.34";"0.77";"0.99";"null";"null";"1.99";"2.88";"10063.84";"111.82";"1376.32";"492.66";"40.47";"63.42";"4.69";"556.08";"45.15";"99.89";"2.72";"86.8";"10.44";"1.12";"0.0";"25.45"
"Amaia Iribarren";"Amaia Iribarren";"953711";"2003-06-06";"SD Eibar, Women";"2024";"78.11";"16";"0";"24.43";"25.34";"1.05";"null";"null";"null";"1.93";"2.68";"9946.6";"110.52";"1406.71";"372.04";"32.34";"24.56";"2.02";"396.6";"34.35";"110.69";"1.44";"101.4";"9.22";"0.94";"0.0";"31.69"
"Jujuba Cardozo";"Jujuba Cardozo";"953712";"1991-09-06";"Granada CF, Women";"4071";"102.03";"16";"0";"27.22";"28.76";"0.68";"0.77";"null";"null";"1.9";"3.1";"8180.55";"90.89";"792.51";"252.28";"22.71";"52.93";"3.31";"305.21";"26.02";"90.14";"2.87";"74.04";"6.17";"1.71";"0.0";"11.96"
"Clara  Rodríguez";"Clara Rodríguez";"953713";"2003-02-12";"Granada CF, Women";"4071";"89.21";"3";"0";"25.63";"25.63";"0.88";"null";"null";"null";"2.45";"3.08";"9845.91";"109.4";"1361.35";"543.13";"36.32";"76.34";"4.04";"619.47";"40.36";"96.85";"6.05";"80.38";"12.11";"4.04";"1.01";"22.2"
"Isa  Álvarez";"Isabel Álvarez";"953714";"1999-06-12";"Sevilla FC, Women";"2013";"103.97";"19";"0";"24.74";"25.96";"0.87";"null";"null";"null";"2.31";"2.88";"8694.39";"96.6";"954.65";"279.6";"20.64";"34.12";"1.41";"313.72";"22.05";"90.3";"2.37";"79.32";"3.96";"0.5";"0.14";"9.48"
"Andrea  Gómez";"Andrea Gomez";"953715";"2003-05-14";"Granada CF, Women";"4071";"87.7";"12";"0";"25.81";"26.86";"0.81";"0.95";"null";"null";"2.07";"2.72";"10771.18";"119.68";"1755.73";"670.91";"52.51";"67.05";"5.39";"737.95";"57.9";"113.49";"4.19";"94.5";"10.69";"2.22";"0.0";"33.18"
"Edna Imade";"E. Imade";"953716";"2000-10-05";"Real Sociedad, Women";"2001";"102.77";"5";"0";"27.42";"27.42";"0.8";"0.86";"1.6";"null";"2.28";"null";"8620.63";"95.78";"1075.24";"416.33";"38.88";"107.19";"6.66";"523.52";"45.54";"97.21";"6.66";"86.35";"13.49";"3.68";"1.23";"23.29"
"Merle Barth";"M. Barth";"953745";"1994-04-21";"Real Club Deportivo de La Coruña";"4039";"99.86";"18";"0";"25.4";"27.0";"0.9";"null";"2.34";"null";"2.23";"2.97";"8670.55";"96.34";"962.15";"279.24";"23.33";"31.29";"2.05";"310.54";"25.39";"92.23";"2.25";"76.66";"4.46";"1.1";"0.3";"14.17"
"Rosa Otermin Abella";"Rosa Otermin";"953746";"2000-10-02";"Atlético Madrid, Women";"2000";"64.29";"8";"0";"26.43";"27.26";"null";"null";"null";"null";"2.08";"3.34";"9302.09";"103.36";"1253.45";"401.43";"35.17";"86.79";"3.85";"488.22";"39.02";"101.49";"4.2";"85.74";"9.97";"1.4";"0.0";"17.85"
"Xenia Perez Almiñana";"Xenia Perez";"953748";"2001-10-28";"Atlético Madrid, Women";"2000";"96.1";"17";"0";"25.98";"26.96";"0.81";"null";"null";"null";"2.09";"3.01";"9055.38";"100.62";"1108.94";"343.7";"28.15";"46.55";"3.31";"390.25";"31.46";"100.04";"2.26";"85.06";"4.85";"0.72";"0.0";"13.28"
"Ines Rizo";"I. Rizo";"953783";"2004-11-12";"Levante UD, Women";"2003";"68.46";"5";"0";"24.6";"24.6";"0.83";"null";"null";"null";"2.32";"2.8";"10137.92";"112.64";"1399.89";"373.37";"30.5";"43.91";"3.16";"417.29";"33.66";"102.28";"2.89";"79.93";"10.52";"1.58";"0.0";"27.35"
"Fatou Dembele";"F. Dembele";"954047";"2000-11-30";"UDG Tenerife, Women";"1996";"89.41";"15";"0";"27.23";"28.98";"0.9";"1.08";"1.64";"null";"2.15";"3.24";"8523.32";"94.7";"792.83";"266.56";"25.37";"52.68";"3.56";"319.24";"28.92";"85.77";"2.28";"71.54";"5.03";"0.81";"0.34";"15.03"
"Daniela Luque";"D. Luque";"954342";"2006-11-02";"Levante UD, Women";"2003";"53.36";"2";"0";"27.5";"27.5";"null";"null";"null";"null";"null";"null";"9416.05";"104.62";"1225.39";"458.78";"38.79";"155.18";"7.59";"613.96";"46.38";"107.11";"3.37";"86.02";"12.65";"0.84";"0.0";"26.99"
"Zoe Matthews";"Z. Matthews";"958272";"2007-05-25";"DUX Logroño";"5155";"87.32";"5";"0";"24.38";"24.38";"null";"null";"null";"null";"2.41";"null";"8656.66";"96.19";"990.04";"256.63";"20.41";"20.41";"1.03";"277.04";"21.44";"92.55";"1.86";"80.18";"4.74";"0.62";"0.0";"12.99"
"Carla Juliá Martínez";"Carla Juliá";"969835";"2006-12-14";"FC Barcelona, Women";"1995";"89.62";"9";"0";"27.2";"27.98";"0.85";"null";"null";"null";"2.03";"2.87";"9298.75";"103.32";"1163.71";"434.84";"39.72";"87.59";"6.47";"522.44";"46.2";"104.55";"4.24";"86.37";"10.71";"2.9";"0.78";"23.99"
"Sonya Camila  Keefe Navarro";"Sonya Keefe";"978182";"2003-04-11";"Granada CF, Women";"4071";"89.9";"16";"0";"26.43";"27.36";"0.81";"0.96";"null";"null";"1.94";"2.88";"9630.97";"107.01";"1260.88";"509.21";"44.43";"73.15";"5.13";"582.35";"49.56";"97.74";"5.51";"80.97";"9.82";"2.88";"0.25";"29.66"
"Manoly Baquerizo Córdova";"M. Baquerizo";"980853";"1998-12-15";"Granada CF, Women";"4071";"101.39";"14";"0";"27.01";"28.0";"0.69";"1.0";"1.83";"null";"2.05";"2.74";"9280.2";"103.11";"1176.01";"461.48";"37.92";"87.06";"5.52";"548.53";"43.43";"102.72";"4.5";"89.91";"11.16";"2.54";"0.38";"21.49"
"Encarnación Jiménez Navarro";"Encarni Jiménez";"981680";"2001-08-30";"Alhama CF";"5154";"90.06";"15";"0";"23.92";"25.02";"1.05";"null";"null";"null";"2.17";"2.78";"9705.34";"107.84";"1534.72";"323.6";"23.59";"20.79";"0.93";"344.39";"24.52";"118.13";"1.87";"102.74";"7.73";"0.47";"0.0";"24.05"
"Sara Martín Díaz";"Sara Martín";"981803";"2004-10-06";"SD Eibar, Women";"2024";"87.12";"20";"0";"26.66";"28.12";"0.68";"0.71";"null";"null";"2.05";"2.72";"9576.44";"106.4";"1196.75";"419.97";"40.65";"86.26";"5.89";"506.23";"46.54";"87.34";"3.56";"70.25";"8.11";"2.43";"0.05";"37.14"
"Celia Gómez García Quijada";"Celia Gómez";"985736";"2008-09-29";"Atlético Madrid, Women";"2000";"105.95";"1";"0";"25.6";"25.6";"null";"null";"null";"null";"null";"null";"8994.05";"99.93";"836.72";"379.71";"31.43";"45.87";"3.4";"425.58";"34.83";"97.69";"2.55";"70.5";"11.89";"0.0";"0.0";"20.39"
"Julia Torres Echevarría";"Julia Torres";"985742";"2009-01-15";"Sevilla FC, Women";"2013";"73.03";"4";"0";"24.7";"24.7";"null";"null";"null";"null";"2.38";"null";"9661.28";"107.35";"1238.55";"416.55";"31.43";"49.91";"3.7";"466.46";"35.12";"110.3";"3.39";"90.89";"9.55";"0.62";"0.0";"22.18"
"Irune Dorado Alosete";"I. Dorado";"985789";"2008-03-22";"Real Madrid, Women";"2016";"88.77";"8";"0";"23.57";"24.24";"0.9";"null";"null";"null";"2.21";"3.18";"9810.31";"109.0";"1045.45";"178.83";"17.36";"4.82";"0.38";"183.64";"17.74";"103.92";"1.65";"91.5";"3.93";"0.51";"0.0";"19.64"
"Elene Gurtubay";"E. Gurtubay";"985791";"2007-10-03";"Athletic Club de Bilbao, Women";"2010";"62.86";"6";"0";"24.75";"25.12";"0.97";"null";"null";"null";"2.47";"3.08";"10692.38";"118.8";"1691.9";"329.79";"26.73";"23.15";"2.15";"352.94";"28.87";"105.95";"1.67";"96.65";"4.77";"0.95";"0.48";"35.79"
"Sintia Vanesa Cabezas Vanegas";"S. Cabezas Vanegas";"985977";"2006-05-01";"Levante UD, Women";"2003";"84.21";"4";"0";"27.88";"27.88";"0.95";"1.18";"null";"null";"2.33";"2.81";"9608.31";"106.76";"1318.07";"609.2";"52.1";"125.85";"6.95";"735.05";"59.05";"109.82";"5.08";"87.37";"17.1";"3.21";"0.53";"45.96"
"Alimata Bélem";"A. Bélem";"989387";"2004-09-02";"SD Eibar, Women";"2024";"100.58";"24";"0";"26.77";"28.94";"0.73";"0.77";"1.49";"1.64";"2.13";"2.67";"8937.07";"99.3";"977.57";"284.14";"27.66";"55.48";"4.25";"339.61";"31.91";"92.09";"2.5";"80.01";"6.67";"1.34";"0.37";"20.21"
"Adama Congo";"A. Congo";"989403";"2004-04-11";"DUX Logroño";"5155";"55.15";"1";"0";"26.8";"26.8";"null";"null";"null";"null";"null";"null";"10024.84";"111.39";"1444.24";"463.46";"52.22";"60.38";"4.9";"523.84";"57.12";"102.81";"13.06";"86.49";"22.85";"0.0";"0.0";"27.74"
"Marta López de Guereñu Arriaga";"M. López de Guereñu Arriaga";"997943";"2003-01-28";"SD Eibar, Women";"2024";"67.1";"2";"0";"25.25";"25.25";"null";"null";"null";"null";"null";"null";"8849.78";"98.33";"971.76";"406.41";"33.53";"37.56";"4.02";"443.96";"37.56";"105.96";"3.35";"92.55";"8.72";"0.67";"0.0";"22.13"
"Opa Clement Tukumbuke";"O. Tukumbuke";"999846";"2001-02-14";"SD Eibar, Women";"2024";"70.61";"6";"0";"25.0";"25.18";"null";"null";"null";"null";"2.21";"3.1";"9256.99";"102.86";"1188.01";"320.8";"30.8";"55.66";"3.4";"376.46";"34.2";"102.4";"5.52";"84.13";"13.17";"1.27";"0.42";"24.64"
"Salome Prat";"S. Prat";"1001274";"2002-01-17";"DUX Logroño";"5155";"86.75";"10";"0";"26.9";"27.64";"0.84";"null";"null";"null";"2.21";"3.06";"9801.13";"108.9";"1342.37";"497.88";"43.99";"109.35";"7.37";"607.23";"51.35";"113.19";"4.05";"89.74";"12.45";"1.76";"0.31";"27.08"
"Paulina Ali";"P. Ali";"1001491";"2003-05-04";"Levante UD, Women";"2003";"97.64";"4";"0";"26.65";"26.65";"0.89";"0.89";"null";"null";"null";"null";"8457.07";"93.97";"890.44";"318.7";"26.96";"55.31";"3.23";"374.01";"30.19";"98.63";"4.15";"80.66";"7.6";"2.77";"0.69";"16.82"
"Zipporah Agama";"Z. Agama";"1001496";"2005-05-02";"Levante UD, Women";"2003";"69.61";"5";"0";"26.9";"26.9";"null";"null";"null";"null";"1.89";"null";"9409.66";"104.55";"1309.15";"499.3";"41.11";"111.44";"8.53";"610.75";"49.65";"100.07";"6.21";"76.28";"12.67";"3.1";"0.0";"33.36"
"Nerea  Sánchez";"N. Sánchez";"1006257";"2004-12-02";"Madrid CF, Women";"2011";"51.09";"2";"0";"25.2";"25.2";"null";"null";"null";"null";"null";"null";"8275.71";"91.95";"930.97";"342.62";"34.35";"43.16";"3.52";"385.78";"37.87";"97.77";"0.88";"75.75";"3.52";"0.0";"0.0";"18.5"
"Lydia Rodríguez Pascual";"L. Rodríguez Pascual";"1010289";"2005-12-15";"Atlético Madrid, Women";"2000";"76.97";"2";"0";"27.3";"27.3";"null";"null";"null";"null";"null";"null";"9195.84";"102.18";"1131.21";"368.89";"30.4";"79.51";"3.51";"448.39";"33.91";"88.28";"4.09";"79.51";"10.52";"1.17";"1.17";"16.37"
"Nancy Amoh";"N. Amoh";"1017953";"2005-09-18";"DUX Logroño";"5155";"93.18";"2";"0";"26.25";"26.25";"null";"null";"null";"null";"null";"null";"9382.63";"104.25";"1255.59";"311.0";"27.53";"43.95";"1.93";"354.95";"29.46";"87.89";"1.93";"77.27";"3.38";"0.97";"0.0";"15.45"
"Gio Garbelini";"G. Garbelini";"1018190";"2003-06-21";"Atlético Madrid, Women";"2000";"69.13";"1";"0";"30.4";"30.4";"null";"null";"null";"null";"null";"null";"9577.58";"106.42";"951.64";"464.75";"58.58";"374.93";"14.32";"839.68";"72.9";"111.96";"5.21";"108.05";"5.21";"2.6";"0.0";"27.34"
"Alma Velasco";"A. Velasco";"1025889";"2006-04-13";"Levante UD, Women";"2003";"94.32";"8";"0";"25.65";"26.4";"0.87";"null";"null";"null";"2.3";"3.09";"8577.28";"95.3";"875.73";"261.1";"21.95";"36.98";"2.27";"298.07";"24.21";"94.82";"3.34";"79.92";"6.68";"1.43";"0.0";"14.19"
"Lucía González Benito Comín";"Lucía Benito";"1025890";"2006-03-02";"Levante UD, Women";"2003";"47.58";"2";"0";"25.95";"25.95";"null";"null";"null";"null";"null";"null";"10087.76";"112.09";"1495.43";"478.61";"40.67";"96.48";"4.73";"575.09";"45.4";"118.23";"3.78";"98.37";"11.35";"3.78";"0.0";"21.76"
"Miku Kojima";"M. Kojima";"1025891";"1996-08-30";"Granada CF, Women";"4071";"84.17";"3";"0";"22.8";"22.8";"null";"null";"null";"null";"null";"null";"9091.96";"101.02";"1069.31";"135.45";"12.12";"0.71";"0.36";"136.16";"12.48";"82.69";"0.71";"74.85";"2.5";"0.36";"0.0";"15.33"
"María Barquero Gutiérrez";"Maria Barquero";"1025892";"2003-01-29";"Granada CF, Women";"4071";"58.17";"1";"0";"26.0";"26.0";"null";"null";"null";"null";"null";"null";"9439.94";"104.89";"1188.31";"485.85";"44.87";"55.7";"4.64";"541.55";"49.51";"92.84";"6.19";"72.72";"15.47";"4.64";"0.0";"34.04"
"Paula Redruello";"P. Redruello";"1025894";"2007-01-27";"Real Club Deportivo de La Coruña";"4039";"56.33";"3";"0";"24.2";"24.2";"null";"null";"null";"null";"2.27";"null";"10365.98";"115.18";"1535.33";"223.67";"21.3";"13.85";"1.07";"237.51";"22.37";"105.44";"1.07";"92.66";"3.73";"0.53";"0.0";"25.56"
"Marta López";"M. López";"1025903";"2003-01-28";"SD Eibar, Women";"2024";"83.93";"3";"0";"25.73";"25.73";"null";"null";"null";"null";"2.18";"null";"9130.1";"101.45";"1120.17";"367.43";"29.67";"58.26";"2.5";"425.69";"32.17";"95.08";"3.57";"81.14";"10.37";"1.79";"0.0";"21.8"
"Sofia  Hernández Gallardo";"Sofia Hernandez";"1025906";"null";"Madrid CF, Women";"2011";"81.59";"3";"0";"26.97";"26.97";"null";"null";"null";"null";"2.37";"null";"9085.91";"100.95";"991.98";"316.93";"29.41";"98.54";"4.41";"415.47";"33.83";"99.64";"4.04";"83.83";"10.66";"2.57";"1.47";"25.0"
"Nerea  Benito";"N. Benito";"1025907";"2004-09-22";"Athletic Club de Bilbao, Women";"2010";"78.83";"4";"0";"27.5";"27.5";"0.68";"0.87";"null";"null";"2.17";"null";"9244.14";"102.71";"1006.42";"416.72";"40.53";"99.33";"7.71";"516.05";"48.24";"111.6";"3.71";"94.48";"11.99";"3.71";"1.14";"19.12"
"Iratxe Milagros Perez Gonzalez";"Iratxe Perez";"1025908";"2004-05-24";"UDG Tenerife, Women";"1996";"76.08";"6";"0";"26.52";"26.88";"0.92";"null";"null";"null";"2.28";"null";"9119.55";"101.33";"1224.8";"508.69";"44.36";"58.95";"4.14";"567.64";"48.5";"106.27";"5.72";"85.37";"15.18";"4.34";"0.79";"27.8"
"Bernadette Amani";"B. Amani";"1025909";"1997-09-05";"UDG Tenerife, Women";"1996";"99.9";"11";"0";"25.32";"26.4";"0.77";"0.85";"null";"null";"2.22";"2.84";"9727.31";"108.08";"1479.23";"394.01";"33.58";"39.8";"2.78";"433.81";"36.36";"113.02";"3.52";"92.95";"10.73";"1.56";"0.0";"27.11"
"Claudia Iglesias Bicho";"C. Bicho";"1025910";"2003-08-30";"UDG Tenerife, Women";"1996";"63.98";"1";"0";"21.8";"21.8";"null";"null";"null";"null";"null";"null";"10601.67";"117.8";"1363.01";"178.64";"22.51";"0.0";"0.0";"178.64";"22.51";"108.31";"2.81";"113.94";"5.63";"0.0";"0.0";"12.66"
"Aithiara  Carballo Cabrera";"Aithiara Carballo";"1025912";"1999-05-10";"UDG Tenerife, Women";"1996";"103.28";"7";"0";"26.77";"26.98";"0.92";"null";"null";"null";"2.27";"2.94";"8996.85";"99.96";"1068.2";"331.38";"28.26";"75.44";"2.99";"406.81";"31.25";"94.48";"3.24";"78.92";"9.71";"1.37";"0.0";"15.69"
"Ana Velázquez Jurico";"Ana Velázquez";"1025994";"1999-02-05";"Alhama CF";"5154";"97.61";"19";"0";"23.04";"24.22";"null";"null";"null";"null";"2.06";"2.9";"9141.64";"101.57";"1134.63";"174.71";"15.14";"6.31";"0.39";"181.02";"15.53";"95.75";"1.75";"80.95";"4.95";"0.19";"0.0";"22.91"
"Nuria Martinez Segarra";"Nuria Martinez";"1025995";"2003-01-03";"Alhama CF";"5154";"101.62";"9";"0";"25.01";"25.7";"null";"null";"null";"null";"2.52";"2.99";"8708.92";"96.77";"949.99";"244.04";"18.89";"27.26";"1.57";"271.3";"20.47";"82.27";"1.77";"68.39";"3.64";"0.0";"0.0";"12.4"
"Judith Caravaca Muñoz";"Judith Caravaca";"1025996";"1997-05-05";"Alhama CF";"5154";"97.22";"10";"0";"25.53";"27.1";"null";"null";"null";"null";"2.38";"3.22";"8210.49";"91.23";"826.05";"257.27";"18.98";"40.83";"1.48";"298.09";"20.46";"81.93";"2.31";"70.45";"3.8";"0.37";"0.0";"9.63"
"Aitana Zumárraga Garde";"Aitana Zumárraga";"1025997";"2001-06-12";"Alhama CF";"5154";"90.39";"16";"0";"27.34";"28.62";"0.84";"0.94";"1.94";"null";"2.03";"2.78";"9185.38";"102.06";"1128.69";"455.13";"41.69";"133.91";"6.97";"589.05";"48.66";"100.87";"4.29";"88.05";"11.45";"1.74";"0.62";"25.2"
"Astrid Álvarez Navarro";"Astrid Álvarez";"1025998";"1992-12-24";"Alhama CF";"5154";"90.57";"17";"0";"26.12";"27.8";"0.86";"1.08";"null";"null";"1.99";"2.96";"9247.42";"102.75";"1128.16";"371.98";"30.57";"81.01";"4.03";"453.0";"34.6";"91.42";"3.16";"75.11";"7.89";"0.94";"0.23";"20.17"
"Alba Santamaría Coleto";"Alba Santamaria";"1025999";"1996-01-13";"Alhama CF";"5154";"84.03";"14";"0";"26.08";"27.02";"0.83";"0.89";"null";"null";"2.18";"2.71";"8841.84";"98.24";"1070.31";"406.7";"32.44";"76.66";"3.52";"483.36";"35.96";"104.74";"3.9";"88.06";"11.32";"2.45";"0.15";"20.66"
"Patricia Miñano Zapata";"P. Zapata";"1026000";"2005-02-22";"Alhama CF";"5154";"51.19";"2";"0";"26.75";"26.75";"null";"null";"null";"null";"null";"null";"9733.71";"108.15";"1494.38";"540.62";"39.56";"18.46";"5.27";"559.08";"44.83";"107.24";"4.4";"92.3";"11.43";"3.52";"0.0";"34.28"
"Carla Castiñeyras Lopez";"C. Lopez";"1026001";"2008-10-23";"Alhama CF";"5154";"98.6";"16";"0";"26.71";"28.9";"1.0";"null";"null";"null";"2.39";"2.87";"8515.89";"94.62";"856.2";"250.16";"20.82";"51.17";"2.22";"301.34";"23.05";"85.29";"2.34";"72.91";"4.11";"0.29";"0.11";"14.26"
"Vega Montesinos Berasategui";"Vega Montesinos";"1026002";"2003-11-11";"Alhama CF";"5154";"79.22";"9";"0";"27.17";"27.74";"0.69";"0.82";"null";"null";"2.05";"2.83";"9213.88";"102.38";"1088.89";"385.14";"38.25";"97.07";"5.93";"482.21";"44.18";"99.6";"3.66";"79.91";"12.75";"2.02";"0.13";"26.26"
" Marta Gestera Aramburu";" . Aramburu";"1026003";"2002-12-20";"Alhama CF";"5154";"71.37";"12";"0";"26.12";"27.24";"0.84";"0.97";"null";"null";"2.29";"3.17";"9214.0";"102.38";"1294.38";"496.44";"44.66";"72.62";"5.67";"569.06";"50.34";"104.46";"6.2";"84.39";"12.93";"4.1";"0.21";"27.43"
"Yiyi Relea";"Y. Relea";"1026004";"1997-10-06";"Alhama CF";"5154";"83.1";"21";"0";"26.16";"27.42";"0.76";"null";"null";"null";"1.94";"3.03";"9620.75";"106.9";"1421.44";"541.22";"44.97";"91.49";"5.42";"632.72";"50.39";"107.79";"3.66";"89.58";"13.93";"1.5";"0.26";"27.49"
"Lorena Valderas";"Lorena Valderas";"1026005";"1994-02-02";"DUX Logroño";"5155";"73.04";"5";"0";"24.08";"24.08";"null";"null";"null";"null";"null";"3.14";"8759.72";"97.33";"893.84";"270.59";"20.7";"18.24";"0.99";"288.83";"21.69";"92.42";"3.7";"79.6";"6.41";"0.49";"0.0";"15.28"
"Natalia Cebolla Contamina";"Natalia";"1026007";"1999-01-06";"DUX Logroño";"5155";"97.07";"7";"0";"24.74";"25.02";"null";"null";"null";"null";"2.23";"2.77";"8727.58";"96.97";"890.37";"238.29";"16.82";"14.31";"0.93";"252.6";"17.75";"84.64";"1.32";"71.66";"3.97";"0.0";"0.0";"13.38"
"Sandra Perera García";"Sandra Perera";"1026008";"2001-04-11";"DUX Logroño";"5155";"89.0";"4";"0";"24.57";"24.57";"null";"null";"null";"null";"null";"null";"8713.47";"96.82";"873.5";"205.8";"17.95";"11.63";"0.76";"217.43";"18.71";"87.48";"2.78";"75.59";"5.06";"0.0";"0.0";"9.86"
"Justina Morcillo";"J. Morcillo";"1026009";"2000-08-09";"DUX Logroño";"5155";"88.62";"13";"0";"24.22";"25.56";"0.82";"1.31";"null";"null";"2.42";"2.81";"9618.67";"106.87";"1175.16";"245.0";"23.05";"20.16";"1.33";"265.16";"24.38";"104.22";"2.58";"87.27";"5.86";"0.86";"0.0";"21.56"
"Isabel Corte Peláez";"Isina Corte";"1026010";"1996-02-14";"DUX Logroño";"5155";"98.94";"22";"0";"26.43";"27.68";"0.74";"0.92";"1.89";"null";"1.97";"2.8";"9006.49";"100.07";"1085.07";"377.25";"34.98";"76.7";"4.22";"453.95";"39.2";"90.34";"1.86";"77.44";"6.7";"0.79";"0.29";"21.71"
"Marta  Masferrer Cruz";"Marta Masferrer";"1026011";"2001-01-01";"DUX Logroño";"5155";"100.58";"22";"0";"25.86";"27.52";"0.82";"0.99";"null";"null";"2.16";"2.85";"8732.02";"97.02";"929.16";"245.25";"22.29";"39.09";"2.48";"284.34";"24.77";"92.16";"1.79";"76.22";"4.56";"0.89";"0.08";"13.99"
"Iria  Castro Gomez";" Iria Castro";"1026012";"2002-01-02";"DUX Logroño";"5155";"90.04";"14";"0";"24.28";"25.28";"null";"null";"null";"null";"2.35";"3.07";"8711.44";"96.79";"843.91";"222.11";"18.78";"17.06";"1.07";"239.18";"19.85";"91.53";"2.07";"81.82";"4.71";"0.29";"0.0";"11.28"
"Laura Martínez  del Campo";"Laura Martínez";"1026013";"2003-09-14";"DUX Logroño";"5155";"62.33";"7";"0";"24.0";"24.74";"null";"null";"null";"null";"2.42";"3.06";"9900.58";"110.01";"1267.85";"261.78";"20.84";"16.09";"1.24";"277.87";"22.07";"91.59";"1.44";"80.04";"4.13";"0.21";"0.0";"21.45"
"Andrea Colomina Marina";"Andrea Colomina";"1026014";"2005-12-02";"DUX Logroño";"5155";"92.98";"8";"0";"23.44";"24.12";"null";"null";"null";"null";"2.62";"null";"8679.37";"96.44";"747.01";"157.77";"13.43";"8.23";"0.24";"166.0";"13.67";"84.94";"1.45";"75.5";"2.9";"0.0";"0.0";"10.04"
"Ainhoa Doménech Cedrés";"A. Cedrés";"1028275";"null";"Reial Club Deportiu Espanyol";"4041";"61.27";"1";"0";"23.9";"23.9";"null";"null";"null";"null";"null";"null";"9523.45";"105.82";"1502.77";"324.65";"33.79";"8.81";"1.47";"333.46";"35.26";"118.99";"5.88";"102.83";"11.75";"2.94";"0.0";"39.66"
"Vera Molina";"V. Molina";"1028276";"2009-04-24";"Granada CF, Women";"4071";"80.43";"1";"0";"24.4";"24.4";"null";"null";"null";"null";"null";"null";"10486.7";"116.52";"1585.54";"419.6";"35.81";"13.43";"0.0";"433.03";"35.81";"95.11";"2.24";"77.21";"6.71";"0.0";"0.0";"36.92"
"Berta  Doltra Bufill";"B. Doltra Bufill";"1028277";"2004-01-14";"FC Levante Las Planas Badalona";"4040";"83.78";"1";"0";"24.7";"24.7";"null";"null";"null";"null";"null";"null";"9035.09";"100.39";"1043.05";"336.22";"27.93";"13.96";"1.07";"350.19";"29.0";"102.05";"3.22";"90.23";"12.89";"0.0";"0.0";"15.04"
"Elena Valej Montañés";"Elena Valej";"1029070";"2002-04-17";"SD Eibar, Women";"2024";"66.17";"2";"0";"23.0";"23.0";"null";"null";"null";"null";"null";"null";"10231.44";"113.68";"1305.11";"191.79";"17.0";"5.44";"2.04";"197.23";"19.04";"99.29";"0.68";"96.57";"8.16";"0.0";"0.0";"20.4"
"Ariadna Doménech Cedrés";"A. Cedrés";"1029805";"null";"Reial Club Deportiu Espanyol";"4041";"90.72";"6";"0";"25.95";"26.2";"0.81";"null";"null";"null";"2.21";"2.89";"9736.2";"108.18";"1376.45";"377.14";"35.05";"49.77";"3.47";"426.91";"38.52";"114.91";"3.97";"97.05";"11.74";"1.98";"0.0";"28.77"
"Daniela Castellanos";"D. Castellanos";"1030027";"null";"Levante UD, Women";"2003";"52.78";"2";"0";"23.9";"23.9";"null";"null";"null";"null";"null";"null";"9499.87";"105.55";"1218.28";"260.88";"22.17";"3.41";"2.56";"264.29";"24.72";"94.63";"2.56";"82.7";"6.82";"0.0";"0.0";"20.46"
"Pierina Nunez Cordero";"Pierina Nunez";"1030029";"2000-03-13";"Levante UD, Women";"2003";"85.09";"3";"0";"25.9";"25.9";"null";"null";"null";"null";"2.28";"null";"9266.76";"102.96";"1071.75";"375.82";"32.79";"50.77";"3.88";"426.58";"36.67";"92.72";"5.29";"77.91";"5.64";"3.53";"2.82";"22.92"
"Natalia  Peñalvo Martin";"N. Peñalvo Martin";"1031327";"2006-11-23";"Atlético Madrid, Women";"2000";"79.81";"5";"0";"25.18";"25.18";"null";"null";"null";"null";"2.17";"3.04";"9539.53";"105.99";"1091.55";"340.54";"26.16";"45.56";"2.48";"386.1";"28.64";"106.0";"1.8";"87.05";"6.54";"0.45";"0.0";"24.36"
"Iris Ashley Santiago";"I. Santiago";"1031776";"2007-11-09";"Real Madrid, Women";"2016";"78.31";"7";"0";"25.19";"25.58";"0.99";"null";"null";"null";"2.11";"null";"8998.52";"99.98";"1170.17";"463.83";"39.73";"36.12";"2.13";"499.95";"41.87";"93.59";"4.1";"81.44";"12.81";"2.63";"0.0";"25.29"
"Martine Trollsås Fenger";"M. Fenger";"1033195";"2006-10-09";"FC Barcelona, Women";"1995";"86.61";"3";"0";"26.27";"26.27";"0.9";"null";"null";"null";"2.17";"null";"9558.94";"106.21";"1205.73";"446.82";"43.3";"55.77";"6.23";"502.59";"49.53";"110.84";"5.54";"91.79";"11.43";"3.46";"0.35";"37.75"
"Adela  Rico";"A. Rico";"1034678";"2001-07-19";"SD Eibar, Women";"2024";"98.43";"14";"0";"23.51";"24.74";"null";"null";"null";"null";"2.28";"3.03";"9288.7";"103.21";"1027.15";"171.38";"14.96";"12.87";"0.59";"184.24";"15.54";"89.48";"0.91";"81.31";"3.98";"0.13";"0.0";"13.91"
"Claudia García del Peso";"Claudia García";"1035701";"2006-11-11";"Madrid CF, Women";"2011";"51.67";"2";"0";"26.0";"26.0";"null";"null";"null";"null";"null";"null";"9254.03";"102.82";"1178.42";"439.84";"36.58";"77.52";"3.48";"517.35";"40.06";"90.58";"4.35";"81.0";"8.71";"3.48";"0.0";"16.55"
"Ainhoa Marin Martin";"Ainhoa Marin";"1060032";"2001-03-21";"Real Club Deportivo de La Coruña";"4039";"107.0";"1";"0";"27.6";"27.6";"null";"null";"null";"null";"null";"null";"9099.25";"101.1";"1240.65";"632.52";"58.04";"238.04";"10.09";"870.56";"68.13";"106.82";"5.05";"90.0";"13.46";"3.36";"1.68";"46.26"
